k,t,u,thetaR1_rad,thetaR2_rad,thetaR1_deg,thetaR2_deg,thetaF1_rad,thetaF2_rad,thetaF1_deg,thetaF2_deg,R1_orth_error,R2_orth_error,F1_orth_error,F2_orth_error,R1_det_error,R2_det_error,F1_det_error,F2_det_error,base_x,base_y,elbow_x,elbow_y,tip_x,tip_y,x1,y1,x2,y2,target_angle_error_norm_rad,target_angle_error_norm_deg,target_step_error_norm_rad,target_step_error_norm_deg,target_error_R1_deg,target_error_R2_deg,target_error_F1_deg,target_error_F2_deg
0.0000000000000000e+00,0.0000000000000000e+00,1.2111995370399429e+00,-1.2727790876765885e-01,5.5263968880412428e-01,-7.2924869976379885e+00,3.1663921759899534e+01,0.0000000000000000e+00,0.0000000000000000e+00,0.0000000000000000e+00,0.0000000000000000e+00,8.0250226675538069e-15,7.5823346424703718e-15,0.0000000000000000e+00,0.0000000000000000e+00,5.5511151231257827e-15,5.3290705182007514e-15,0.0000000000000000e+00,0.0000000000000000e+00,0.0000000000000000e+00,0.0000000000000000e+00,-6.3467271867909986e-02,-4.9595554780811235e-01,1.9900063049375419e-01,-9.2152645873820394e-01,-3.1733635933955118e-02,-2.4797777390405681e-01,6.7766679312922323e-02,-7.0874100327315992e-01,3.9735086302567200e+00,2.2766527437251878e+02,0.0000000000000000e+00,0.0000000000000000e+00,1.7270751300236202e+02,-1.4833607824010048e+02,0.0000000000000000e+00,0.0000000000000000e+00
1.0000000000000000e+00,1.0000000000000000e-03,1.2111995370399429e+00,-1.3199447928942570e-01,5.6408449957663565e-01,-7.5627265823110461e+00,3.2319661114490295e+01,-4.7165705217668448e-03,1.1444810772511351e-02,-2.7023958467305681e-01,6.5573935459075972e-01,8.1915994485488211e-15,7.7193255089887473e-15,1.0209433901066269e-19,1.2983165139025723e-19,5.7731597280508140e-15,5.3290705182007514e-15,0.0000000000000000e+00,1.1102230246251565e-16,0.0000000000000000e+00,0.0000000000000000e+00,-6.5805766565449203e-02,-4.9565068454177846e-01,2.0151541869503761e-01,-9.1818989445125943e-01,-3.2902883282724733e-02,-2.4782534227088990e-01,6.7854826064794413e-02,-7.0692028949652086e-01,3.9624776913891164e+00,2.2703324813133827e+02,1.2378599723126700e-02,7.0924152041696931e-01,1.7243727341768894e+02,-1.4768033888550971e+02,-2.7023958467305897e-01,6.5573935459076027e-01
2.0000000000000000e+00,2.0000000000000000e-03,1.2111995370399429e+00,-1.3677582011853137e-01,5.7576595576264911e-01,-7.8366772322323826e+00,3.2988959252515855e+01,-4.7813408291056811e-03,1.1681456186013359e-02,-2.7395064992133733e-01,6.6929813802555294e-01,8.1922105469549123e-15,7.7182719697158660e-15,1.2675949392512147e-19,3.1401883403615193e-16,5.9952043329758453e-15,5.3290705182007514e-15,0.0000000000000000e+00,0.0000000000000000e+00,0.0000000000000000e+00,0.0000000000000000e+00,-6.8174880192103757e-02,-4.9533038036324029e-01,2.0406382744293244e-01,-9.1471813181195061e-01,-3.4087440096052017e-02,-2.4766519018162081e-01,6.7944473625414545e-02,-7.0502425608759733e-01,3.9512518074649212e+00,2.2639005236117814e+02,1.2622109124461753e-02,7.2319358138522516e-01,1.7216332276776762e+02,-1.4701104074748415e+02,-2.7395064992134133e-01,6.6929813802554616e-01
3.0000000000000000e+00,3.0000000000000001e-03,1.2111995370399429e+00,-1.4162800989200852e-01,5.8770539694312751e-01,-8.1146872276491617e+00,3.3673038841901956e+01,-4.8521897734771424e-03,1.1939441180478422e-02,-2.7800999541677923e-01,6.8407958938610702e-01,8.1921904730812396e-15,7.4046788863609330e-15,1.1102353096300198e-16,1.5700984101426883e-16,5.7731597280508140e-15,5.1070259132757201e-15,0.0000000000000000e+00,1.1102230246251565e-16,0.0000000000000000e+00,0.0000000000000000e+00,-7.0577505222777892e-02,-4.9499375325000694e-01,2.0664893522089339e-01,-9.1110131232449865e-01,-3.5288752611389085e-02,-2.4749687662500414e-01,6.8035714999057917e-02,-7.0304753278725463e-01,3.9398131913961367e+00,2.2573466793696625e+02,1.2887746168354489e-02,7.3841346288261034e-01,1.7188531277235086e+02,-1.4632696115809804e+02,-2.7800999541677168e-01,6.8407958938609970e-01
4.0000000000000000e+00,4.0000000000000001e-03,1.2111995370399429e+00,-1.4655817387700426e-01,5.9992768685079612e-01,-8.3971648162968169e+00,3.4373324469596710e+01,-4.9301639849957477e-03,1.2222289907668623e-02,-2.8247758864765565e-01,7.0028562769475278e-01,8.5052256406489197e-15,7.3980434293808065e-15,7.2701166823359952e-20,1.1552277423037229e-18,5.9952043329758453e-15,5.1070259132757201e-15,0.0000000000000000e+00,0.0000000000000000e+00,0.0000000000000000e+00,0.0000000000000000e+00,-7.3017037966663798e-02,-4.9463978021038174e-01,2.0927435668399186e-01,-9.0732800212395626e-01,-3.6508518983332044e-02,-2.4731989010519156e-01,6.8128659358664190e-02,-7.0098389116717086e-01,3.9281410791641389e+00,2.2506590516806975e+02,1.3179183871015823e-02,7.5511161323609333e-01,1.7160283518370318e+02,-1.4562667553040330e+02,-2.8247758864765199e-01,7.0028562769474534e-01
5.0000000000000000e+00,5.0000000000000001e-03,1.2111995370399429e+00,-1.5157475377965118e-01,6.1246210384239974e-01,-8.6845936723086350e+00,3.5091493661872668e+01,-5.0165799026469018e-03,1.2534416991603634e-02,-2.8742885601181689e-01,7.1816919227595444e-01,8.6513395178019274e-15,7.2547310394101427e-15,3.1401881879224625e-16,1.1102544455413107e-16,6.2172489379008766e-15,5.1070259132757201e-15,2.2204460492503131e-16,1.1102230246251565e-16,0.0000000000000000e+00,0.0000000000000000e+00,-7.5497508765120167e-02,-4.9426726188395342e-01,2.1194438135894889e-01,-9.0338479976506481e-01,-3.7748754382560229e-02,-2.4713363094197743e-01,6.8223436296914547e-02,-6.9882603082451100e-01,3.9162109722090563e+00,2.2438236039040385e+02,1.3501025266217291e-02,7.7355176685373950e-01,1.7131540632769136e+02,-1.4490850633812732e+02,-2.8742885601180534e-01,7.1816919227594755e-01
6.0000000000000000e+00,6.0000000000000001e-03,1.2111995370399429e+00,-1.5668787449798366e-01,6.2534354720934271e-01,-8.9775539096099859e+00,3.5829546000835286e+01,-5.1131207183325155e-03,1.2881443366942915e-02,-2.9296023730135290e-01,7.3805233896261802e-01,8.8021733420120775e-15,7.2538358562880177e-15,7.3310805717906524e-21,1.5700950783252087e-16,6.2172489379008766e-15,5.1070259132757201e-15,0.0000000000000000e+00,1.1102230246251565e-16,0.0000000000000000e+00,0.0000000000000000e+00,-7.8023759028786860e-02,-4.9387477464132323e-01,2.1466416223301679e-01,-8.9925580619983636e-01,-3.9011879514393590e-02,-2.4693738732066234e-01,6.8320201602115119e-02,-6.9656529042058168e-01,3.9039936098315455e+00,2.2368235708939056e+02,1.3859133692117838e-02,7.9406986826591419e-01,1.7102244609039005e+02,-1.4417045399916472e+02,-2.9296023730134424e-01,7.3805233896261480e-01
7.0000000000000000e+00,7.0000000000000001e-03,1.2111995370399429e+00,-1.6190985424079160e-01,6.3861420919396605e-01,-9.2767513095756922e+00,3.6589898923898907e+01,-5.2219797428079652e-03,1.3270661984623379e-02,-2.9919739996570749e-01,7.6035292306362456e-01,8.8029274876865795e-15,7.2549589386643978e-15,1.1083630603785028e-19,3.2088731283279785e-19,6.4392935428259079e-15,5.1070259132757201e-15,2.2204460492503131e-16,0.0000000000000000e+00,0.0000000000000000e+00,0.0000000000000000e+00,-8.0601687560938037e-02,-4.9346060426575994e-01,2.1743997811882709e-01,-8.9492189196213434e-01,-4.0300843780469192e-02,-2.4673030213288069e-01,6.8419145278944660e-02,-6.9419124811394906e-01,3.8914535430667110e+00,2.2296386418895327e+02,1.4261119940047709e-02,8.1710198369459530e-01,1.7072324869042430e+02,-1.4341010107610109e+02,-2.9919739996570460e-01,7.6035292306362900e-01
8.0000000000000000e+00,8.0000000000000002e-03,1.2111995370399429e+00,-1.6725593329287256e-01,6.5232595510393399e-01,-9.5830590762032308e+00,3.7375524094295841e+01,-5.3460790520809369e-03,1.3711745909967795e-02,-3.0630776662753750e-01,7.8562517039692314e-01,8.9666795442525678e-15,7.0998052121704622e-15,1.8608122124373428e-19,8.7810959926909705e-19,6.2172489379008766e-15,4.8849813083506888e-15,0.0000000000000000e+00,2.2204460492503131e-16,0.0000000000000000e+00,0.0000000000000000e+00,-8.3238602576160045e-02,-4.9302265165118742e-01,2.2027960851985523e-01,-8.9035965663949035e-01,-4.1619301288080203e-02,-2.4651132582559443e-01,6.8520502971847710e-02,-6.9169115414534077e-01,3.8785471019309963e+00,2.2222437958334280e+02,1.4717083173326694e-02,8.4322675257462021e-01,1.7041694092379674e+02,-1.4262447590570417e+02,-3.0630776662752579e-01,7.8562517039692459e-01
9.0000000000000000e+00,9.0000000000000011e-03,1.2111995370399429e+00,-1.7274534850922191e-01,6.6654381960025511e-01,-9.8975794000949424e+00,3.8190147723623937e+01,-5.4894152163493829e-03,1.4217864496321170e-02,-3.1452032389171336e-01,8.1462362932809906e-01,9.2811123986819138e-15,7.0971131801576602e-15,1.8936741694404240e-19,4.4062074285509743e-19,6.4392935428259079e-15,4.8849813083506888e-15,2.2204460492503131e-16,1.1102230246251565e-16,0.0000000000000000e+00,0.0000000000000000e+00,-8.5943740890297507e-02,-4.9255829441983962e-01,2.2319288633941731e-01,-8.8553990430131524e-01,-4.2971870445148941e-02,-2.4627914720992056e-01,6.8624572724559990e-02,-6.8904909936057945e-01,3.8652194053529665e+00,2.2146075881879074e+02,1.5240779187864352e-02,8.7323232395544981e-01,1.7010242059990503e+02,-1.4180985227637606e+02,-3.1452032389172591e-01,8.1462362932809618e-01
1.0000000000000000e+01,1.0000000000000000e-02,1.2111995370399429e+00,-1.7840297853629336e-01,6.8135133962171845e-01,-1.0221737722692623e+01,3.9038556125909253e+01,-5.6576300270714365e-03,1.4807520021463414e-02,-3.2415832259767902e-01,8.4840840228531977e-01,9.1340616645098867e-15,6.9547807989548891e-15,1.5700924789462239e-16,8.7124278955568998e-19,6.4392935428259079e-15,4.8849813083506888e-15,2.2204460492503131e-16,0.0000000000000000e+00,0.0000000000000000e+00,0.0000000000000000e+00,-8.8729063146998258e-02,-4.9206417605131142e-01,2.2619254405149924e-01,-8.8042532410749286e-01,-4.4364531573499323e-02,-2.4603208802565643e-01,6.8731740452250598e-02,-6.8624475007940400e-01,3.8513997940098377e+00,2.2066895341431834e+02,1.5851543354174193e-02,9.0822653296282996e-01,1.6977826227730733e+02,-1.4096144387409075e+02,-3.2415832259769106e-01,8.4840840228532244e-01
1.1000000000000000e+01,1.0999999999999999e-02,1.2111995370399429e+00,-1.8426198168494173e-01,6.9685907104521760e-01,-1.0557433875264035e+01,3.9927083686298161e+01,-5.8590031486484033e-03,1.5507731423499168e-02,-3.3569615257141400e-01,8.8852756038890657e-01,8.9695837765344183e-15,6.9559178879513440e-15,6.1071700921655646e-19,8.1933414340140179e-19,6.2172489379008766e-15,4.8849813083506888e-15,0.0000000000000000e+00,1.1102230246251565e-16,0.0000000000000000e+00,0.0000000000000000e+00,-9.1610529271611202e-02,-4.9153586942010169e-01,2.2929556996570791e-01,-8.7496679601873684e-01,-4.5805264635805809e-02,-2.4576793471005157e-01,6.8842520347048436e-02,-6.8325133271942118e-01,3.8369945260073588e+00,2.1984359235502146e+02,1.6577625034945528e-02,9.4982794885279265e-01,1.6944256612473598e+02,-1.4007291631370185e+02,-3.3569615257142021e-01,8.8852756038889913e-01
1.2000000000000000e+01,1.2000000000000000e-02,1.2111995370399429e+00,-1.9036827574985082e-01,7.1321899243031817e-01,-1.0907298753649108e+01,4.0864438134830237e+01,-6.1062940649091154e-03,1.6359921385100500e-02,-3.4986487838507585e-01,9.3735444853207861e-01,9.1400462806337730e-15,7.1190788995792460e-15,5.7559841054354862e-20,2.3157052994163903e-18,6.2172489379008766e-15,4.8849813083506888e-15,0.0000000000000000e+00,1.1102230246251565e-16,0.0000000000000000e+00,0.0000000000000000e+00,-9.4610265253592507e-02,-4.9096730818726092e-01,2.3252551015875095e-01,-8.6909715948885391e-01,-4.7305132626796476e-02,-2.4548365409363118e-01,6.8957622452579276e-02,-6.8003223383805933e-01,3.8218744048659978e+00,2.1897727322789493e+02,1.7462355366153225e-02,1.0005192628382051e+00,1.6909270124635088e+02,-1.3913556186516976e+02,-3.4986487838508395e-01,9.3735444853208849e-01
1.3000000000000000e+01,1.3000000000000001e-02,1.2111995370399429e+00,-1.9678872982774456e-01,7.3065072936946662e-01,-1.1275163674869980e+01,4.1863203091025746e+01,-6.4204540778937357e-03,1.7431736939148453e-02,-3.6786492122086978e-01,9.9876495619550232e-01,8.9961274942597094e-15,6.8053871379551799e-15,4.1883957863805632e-19,1.1104429839178666e-16,6.4392935428259079e-15,4.8849813083506888e-15,0.0000000000000000e+00,0.0000000000000000e+00,0.0000000000000000e+00,0.0000000000000000e+00,-9.7760526636202161e-02,-4.9034975214821147e-01,2.3591667368675640e-01,-8.6271989862162601e-01,-4.8880263318101302e-02,-2.4517487607410643e-01,6.9078073525277173e-02,-6.7653482538492060e-01,3.8058522188029800e+00,2.1805926958791068e+02,1.8576535825659747e-02,1.0643571007838755e+00,1.6872483632513001e+02,-1.3813679690897425e+02,-3.6786492122087472e-01,9.9876495619550887e-01
1.4000000000000000e+01,1.4000000000000000e-02,1.2111995370399429e+00,-2.0362770097284558e-01,7.4949424965134581e-01,-1.1667007857696019e+01,4.2942857274346586e+01,-6.8389711451009990e-03,1.8843520281879148e-02,-3.9184418282603900e-01,1.0796541833208424e+00,8.8282177702048507e-15,6.8484875909180730e-15,1.5700926153146320e-16,1.5726005776099735e-18,6.2172489379008766e-15,4.8849813083506888e-15,0.0000000000000000e+00,0.0000000000000000e+00,0.0000000000000000e+00,0.0000000000000000e+00,-1.0111170210531009e-01,-4.8966970878069133e-01,2.3952260837600356e-01,-8.5568646594205411e-01,-5.0555851052655268e-02,-2.4483485439034633e-01,6.9205453135346789e-02,-6.7267808736137447e-01,3.7886373324627383e+00,2.1707292925581743e+02,2.0046191232678572e-02,1.1485621529446355e+00,1.6833299214230399e+02,-1.3705714272565342e+02,-3.9184418282603345e-01,1.0796541833208513e+00
1.5000000000000000e+01,1.4999999999999999e-02,1.2111995370399429e+00,-2.1106542649295523e-01,7.7033160069093909e-01,-1.2093158139175047e+01,4.4136749545147822e+01,-7.4377255201096473e-03,2.0837351039593194e-02,-4.2615028147902789e-01,1.1938922708012283e+00,8.6831444090090275e-15,6.9799497227023797e-15,5.9331469598505329e-19,3.1402435393610089e-16,6.2172489379008766e-15,4.8849813083506888e-15,0.0000000000000000e+00,2.2204460492503131e-16,0.0000000000000000e+00,0.0000000000000000e+00,-1.0475090069076447e-01,-4.8890413048416109e-01,2.4343572932118357e-01,-8.4774402609350208e-01,-5.2375450345382463e-02,-2.4445206524208121e-01,6.9342414315209627e-02,-6.6832407828883345e-01,3.7697306017474066e+00,2.1598965338143856e+02,2.2124984955016923e-02,1.2676682597129132e+00,1.6790684186082495e+02,-1.3586325045485216e+02,-4.2615028147903000e-01,1.1938922708012267e+00
1.6000000000000000e+01,1.6000000000000000e-02,1.2111995370399429e+00,-2.1946860033724508e-01,7.9433565553632102e-01,-1.2574624534967580e+01,4.5512080578988758e+01,-8.4031738442898705e-03,2.4004054845381952e-02,-4.8146639579253281e-01,1.3753310338409397e+00,8.6852477743711959e-15,6.8473120701430363e-15,1.1102268215303352e-16,1.1102230579697366e-16,5.9952043329758453e-15,4.8849813083506888e-15,0.0000000000000000e+00,1.1102230246251565e-16,0.0000000000000000e+00,0.0000000000000000e+00,-1.0885550035868391e-01,-4.8800663934178251e-01,2.4784360820572726e-01,-8.3838607074344806e-01,-5.4427750179342191e-02,-2.4400331967089189e-01,6.9494053923521731e-02,-6.6319635504261698e-01,3.7481227831419948e+00,2.1475161657086420e+02,2.5432419854930714e-02,1.4571703204922473e+00,1.6742537546503237e+02,-1.3448791942101124e+02,-4.8146639579254091e-01,1.3753310338409510e+00
1.7000000000000000e+01,1.7000000000000001e-02,1.2111995370399429e+00,-2.2986047851124733e-01,8.2474390687055954e-01,-1.3170035295552024e+01,4.7254345042813682e+01,-1.0391878174002250e-02,3.0408251334238572e-02,-5.9541076058444542e-01,1.7422644638249245e+00,8.5486870329138331e-15,7.0261000652581353e-15,5.0114929015462361e-19,1.5035193276598904e-18,5.9952043329758453e-15,4.8849813083506888e-15,0.0000000000000000e+00,2.2204460492503131e-16,0.0000000000000000e+00,0.0000000000000000e+00,-1.1392083696585814e-01,-4.8684909664597137e-01,2.5326615522637713e-01,-8.2622162465143523e-01,-5.6960418482929320e-02,-2.4342454832298632e-01,6.9672659130259551e-02,-6.5653536064870499e-01,3.7210176530839147e+00,2.1319860701538303e+02,3.2134916853627245e-02,1.8411951107166598e+00,1.6682996470444800e+02,-1.3274565495718630e+02,-5.9541076058444387e-01,1.7422644638249345e+00
1.8000000000000000e+01,1.8000000000000002e-02,1.2111995370399429e+00,-2.4998194476732225e-01,8.8573369441416483e-01,-1.4322910389640018e+01,5.0748802462461825e+01,-2.0121466256074954e-02,6.0989787543605178e-02,-1.1528750940879966e+00,3.4944574196481368e+00,8.7258629572480031e-15,6.5918184358585585e-15,6.0917553217277797e-20,1.5704138975152541e-16,5.9952043329758453e-15,4.6629367034256575e-15,2.2204460492503131e-16,1.1102230246251565e-16,0.0000000000000000e+00,0.0000000000000000e+00,-1.2369323263748987e-01,-4.8445844424438284e-01,2.6349647724054875e-01,-8.0081920123639705e-01,-6.1846616318745211e-02,-2.4222922212219206e-01,6.9901622301529451e-02,-6.4263882274039164e-01,3.6674667190132402e+00,2.1013036450415004e+02,6.4223263611470779e-02,3.6797219514933928e+00,1.6567708961035999e+02,-1.2925119753753816e+02,-1.1528750940880073e+00,3.4944574196481368e+00
1.9000000000000000e+01,1.9000000000000000e-02,1.2111995370399429e+00,-2.5616299274647625e-01,9.0517759084709970e-01,-1.4677058351813409e+01,5.1862855665358467e+01,-6.1810479791539778e-03,1.9443896432934815e-02,-3.5414796217338940e-01,1.1140532028966410e+00,8.5499797584725564e-15,6.5912302174281915e-15,1.5700926095415157e-16,6.4886819965443680e-19,5.9952043329758453e-15,4.6629367034256575e-15,1.1102230246251565e-16,1.1102230246251565e-16,0.0000000000000000e+00,0.0000000000000000e+00,-1.2668531159354593e-01,-4.8368464088334062e-01,2.6658210733452437e-01,-7.9245759502546376e-01,-6.3342655796773228e-02,-2.4184232044167092e-01,6.9948397870489259e-02,-6.3807111795440385e-01,3.6506515391826677e+00,2.0916692566810474e+02,2.0402707237406108e-02,1.1689890153443894e+00,1.6532294164818657e+02,-1.2813714433464153e+02,-3.5414796217340194e-01,1.1140532028966441e+00
2.0000000000000000e+01,2.0000000000000000e-02,1.2111995370399429e+00,-2.6140531278041240e-01,9.2190771707714425e-01,-1.4977421164614830e+01,5.2821421289061135e+01,-5.2423200339361585e-03,1.6730126230044651e-02,-3.0036281280142035e-01,9.5856562370267351e-01,8.5501250948802944e-15,6.5906590800160839e-15,1.5701000396770733e-16,1.4172837854687659e-18,5.9952043329758453e-15,4.6629367034256575e-15,1.1102230246251565e-16,0.0000000000000000e+00,0.0000000000000000e+00,0.0000000000000000e+00,-1.2921918888880615e-01,-4.8301387270234697e-01,2.6915876363329638e-01,-7.8516450888287437e-01,-6.4609594444403340e-02,-2.4150693635117410e-01,6.9969787372245129e-02,-6.3408919079261228e-01,3.6362728631855683e+00,2.0834308821848489e+02,1.7532228694933046e-02,1.0045227096778189e+00,1.6502257883538513e+02,-1.2717857871093885e+02,-3.0036281280142330e-01,9.5856562370266774e-01
2.1000000000000000e+01,2.1000000000000001e-02,1.2111995370399429e+00,-2.6610132762637095e-01,9.3709665685308463e-01,-1.5246482995819033e+01,5.3691683433500899e+01,-4.6960148459585767e-03,1.5188939775940413e-02,-2.6906183120420385e-01,8.7026214443976790e-01,8.5519664378124917e-15,6.7129504381122293e-15,1.1102371619078011e-16,6.8628465178852992e-19,5.9952043329758453e-15,4.6629367034256575e-15,0.0000000000000000e+00,0.0000000000000000e+00,0.0000000000000000e+00,0.0000000000000000e+00,-1.3148599606503564e-01,-4.8240173386793028e-01,2.7143517502340708e-01,-7.7846681098564408e-01,-6.5742998032518096e-02,-2.4120086693396575e-01,6.9974589479185750e-02,-6.3043427242678884e-01,3.6232931105996724e+00,2.0759940317618904e+02,1.5898315852649565e-02,9.1090639972275089e-01,1.6475351700418094e+02,-1.2630831656649909e+02,-2.6906183120421195e-01,8.7026214443976602e-01
2.2000000000000000e+01,2.1999999999999999e-02,1.2111995370399429e+00,-2.7042129930852454e-01,9.5125073269141314e-01,-1.5493999140822464e+01,5.4502652241945221e+01,-4.3199716821536215e-03,1.4154075838328423e-02,-2.4751614500343325e-01,8.1096880844431118e-01,8.5507815444379297e-15,6.7804727191122110e-15,1.1102231128964054e-16,1.5700924668465124e-16,5.9952043329758453e-15,4.6629367034256575e-15,0.0000000000000000e+00,0.0000000000000000e+00,0.0000000000000000e+00,0.0000000000000000e+00,-1.3356872450876967e-01,-4.8182921853401584e-01,2.7350247470610461e-01,-7.7216185323043462e-01,-6.6784362254385110e-02,-2.4091460926700853e-01,6.9966875098667503e-02,-6.2699553588222678e-01,3.6112633074992107e+00,2.0691014623015917e+02,1.4798649200915727e-02,8.4790014170711947e-01,1.6450600085917753e+02,-1.2549734775805477e+02,-2.4751614500343141e-01,8.1096880844431596e-01
2.3000000000000000e+01,2.3000000000000000e-02,1.2111995370399429e+00,-2.7445877782445161e-01,9.6464707995890242e-01,-1.5725329619659828e+01,5.5270206401263970e+01,-4.0374785159270404e-03,1.3396347267489148e-02,-2.3133047883736255e-01,7.6755415931874105e-01,8.4173307831609133e-15,6.9012988070860927e-15,1.1102234742592608e-16,3.2219735533722703e-19,5.7731597280508140e-15,4.8849813083506888e-15,1.1102230246251565e-16,2.2204460492503131e-16,0.0000000000000000e+00,0.0000000000000000e+00,-1.3551300567566016e-01,-4.8128601194378018e-01,2.7541094762054358e-01,-7.6613949113513458e-01,-6.7756502837830357e-02,-2.4064300597189067e-01,6.9948970972441710e-02,-6.2371275153945893e-01,3.5999373178032310e+00,2.0626121482177089e+02,1.3991545764415671e-02,8.0165652116516117e-01,1.6427467038034021e+02,-1.2472979359873604e+02,-2.3133047883737015e-01,7.6755415931874249e-01
2.4000000000000000e+01,2.4000000000000000e-02,1.2111995370399429e+00,-2.7827218302329054e-01,9.7745827238380067e-01,-1.5943821643126546e+01,5.6004233657740606e+01,-3.8134051988389581e-03,1.2811192424898355e-02,-2.1849202346671878e-01,7.3402725647664657e-01,8.5554307792111652e-15,7.0260716952810308e-15,2.2204463095150505e-16,2.3594518411998955e-19,5.9952043329758453e-15,4.8849813083506888e-15,0.0000000000000000e+00,0.0000000000000000e+00,0.0000000000000000e+00,0.0000000000000000e+00,-1.3734735448958910e-01,-4.8076574775529834e-01,2.7719209039235415e-01,-7.6033156940910918e-01,-6.8673677244794840e-02,-2.4038287387764978e-01,6.9922367951382514e-02,-6.2054865858220543e-01,3.5891617039474584e+00,2.0564381762617242e+02,1.3366701558660817e-02,7.6585558532220399e-01,1.6405617835687349e+02,-1.2399576634225939e+02,-2.1849202346672078e-01,7.3402725647664724e-01
2.5000000000000000e+01,2.5000000000000001e-02,1.2111995370399429e+00,-2.8190109404007180e-01,9.8980101197169634e-01,-1.6151742928616638e+01,5.6711420543756070e+01,-3.6289110167813075e-03,1.2342739587895597e-02,-2.0792128549009717e-01,7.0718688601545865e-01,8.5589723463370292e-15,7.2106298603157891e-15,2.3648122704377052e-19,5.2226089415701566e-19,5.9952043329758453e-15,5.1070259132757201e-15,1.1102230246251565e-16,0.0000000000000000e+00,0.0000000000000000e+00,0.0000000000000000e+00,-1.3909110241655256e-01,-4.8026416192398541e-01,2.7886728725144394e-01,-7.5469226636326325e-01,-6.9545551208276588e-02,-2.4013208096199332e-01,6.9888092417445674e-02,-6.1747821414362603e-01,3.5788326427338597e+00,2.0505200601230095e+02,1.2865155098261432e-02,7.3711908991159392e-01,1.6384825707138339e+02,-1.2328857945624392e+02,-2.0792128549008465e-01,7.0718688601546276e-01
2.6000000000000000e+01,2.6000000000000002e-02,1.2111995370399429e+00,-2.8537389002635299e-01,1.0017589074261013e+00,-1.6350719481740523e+01,5.7396557485152144e+01,-3.4727959862812241e-03,1.1957895454404991e-02,-1.9897655312388629e-01,6.8513694139607773e-01,8.5584266670499327e-15,7.3318524441350177e-15,1.5700953046604105e-16,3.1401869520633191e-16,5.9952043329758453e-15,5.1070259132757201e-15,0.0000000000000000e+00,2.2204460492503131e-16,0.0000000000000000e+00,0.0000000000000000e+00,-1.4075811977775449e-01,-4.7977823180781276e-01,2.8045189242407992e-01,-7.4918893245077256e-01,-7.0379059888877549e-02,-2.3988911590390699e-01,6.9846886323162716e-02,-6.1448358212929433e-01,3.5688757454628210e+00,2.0448151782162512e+02,1.2451970754094007e-02,7.1344537082991966e-01,1.6364928051825947e+02,-1.2260344251484787e+02,-1.9897655312388787e-01,6.8513694139608194e-01
2.7000000000000000e+01,2.7000000000000000e-02,1.2111995370399429e+00,-2.8871178818656956e-01,1.0133944816920901e+00,-1.6541966958765414e+01,5.8063226782804335e+01,-3.3378981602165238e-03,1.1635574265988994e-02,-1.9124747702488909e-01,6.6666929765220007e-01,8.8637935357786520e-15,7.5165591411599507e-15,2.5653479856392936e-19,1.9602563949979807e-19,6.2172489379008766e-15,5.1070259132757201e-15,0.0000000000000000e+00,0.0000000000000000e+00,0.0000000000000000e+00,0.0000000000000000e+00,-1.4235878354916046e-01,-4.7930572367373547e-01,2.8195739336311743e-01,-7.4379727743405599e-01,-7.1179391774580533e-02,-2.3965286183686837e-01,6.9799304906978527e-02,-6.1155150055389740e-01,3.5592354082095459e+00,2.0392916718392971e+02,1.2104881355359238e-02,6.9355861316868406e-01,1.6345803304123459e+02,-1.2193677321719566e+02,-1.9124747702489162e-01,6.6666929765220306e-01
2.8000000000000000e+01,2.8000000000000001e-02,1.2111995370399429e+00,-2.9193116862307089e-01,1.0247560682843817e+00,-1.6726423870423925e+01,5.8714197743115065e+01,-3.2193804365013411e-03,1.1361586592291526e-02,-1.8445691165851158e-01,6.5097096031072765e-01,8.8666149463107530e-15,7.3354606446948001e-15,1.4109660731094427e-19,9.8675369860627099e-19,6.2172489379008766e-15,5.1070259132757201e-15,2.2204460492503131e-16,0.0000000000000000e+00,0.0000000000000000e+00,0.0000000000000000e+00,-1.4390111062177194e-01,-4.7884493352422614e-01,2.8339265906043565e-01,-7.3849861516723414e-01,-7.1950555310886274e-02,-2.3942246676211371e-01,6.9745774219331896e-02,-6.0867177434573183e-01,3.5498686888095197e+00,2.0339249369442487e+02,1.1808897505231741e-02,6.7659998775234576e-01,1.6327357612957607e+02,-1.2128580225688493e+02,-1.8445691165852041e-01,6.5097096031073087e-01
2.9000000000000000e+01,2.9000000000000001e-02,1.2111995370399429e+00,-2.9504500239261988e-01,1.0358820375573545e+00,-1.6904833403524396e+01,5.9351668825448648e+01,-3.1138337695490060e-03,1.1125969272972765e-02,-1.7840953310046984e-01,6.3747108233357641e-01,8.8622420538211884e-15,7.2099202785423162e-15,2.9900225381850631e-19,1.1102397440327221e-16,6.2172489379008766e-15,4.8849813083506888e-15,1.1102230246251565e-16,1.1102230246251565e-16,0.0000000000000000e+00,0.0000000000000000e+00,-1.4539145410744556e-01,-4.7839452868163379e-01,2.8476470838206114e-01,-7.3327818031959424e-01,-7.2695727053723083e-02,-2.3919726434081753e-01,6.9686627137307777e-02,-6.0583635450061568e-01,3.5407415507218061e+00,2.0286954720296580e+02,1.1553490944624418e-02,6.6196626976959383e-01,1.6309516659647562e+02,-1.2064833117455136e+02,-1.7840953310046259e-01,6.3747108233357974e-01
3.0000000000000000e+01,2.9999999999999999e-02,1.2111995370399429e+00,-2.9806377445056237e-01,1.0468035220834302e+00,-1.7077796301756521e+01,5.9977423794810221e+01,-3.0187720579425148e-03,1.0921484526075673e-02,-1.7296289823212810e-01,6.2575496936157216e-01,8.8659370274953639e-15,7.5252308676741155e-15,2.2264512366508451e-19,3.1402034518153081e-16,6.2172489379008766e-15,5.1070259132757201e-15,1.1102230246251565e-16,2.2204460492503131e-16,0.0000000000000000e+00,0.0000000000000000e+00,-1.4683495347531436e-01,-4.7795344588976685e-01,2.8607920752661553e-01,-7.2812404608890113e-01,-7.3417476737657500e-02,-2.3897672294488403e-01,6.9622127025650599e-02,-6.0303874598933571e-01,3.5318264385408282e+00,2.0235874890111009e+02,1.1331010943032798e-02,6.4921910465233024e-01,1.6292220369824349e+02,-1.2002257620518976e+02,-1.7296289823212332e-01,6.2575496936158437e-01
3.1000000000000000e+01,3.1000000000000000e-02,1.2111995370399429e+00,-3.0099610512953828e-01,1.0575462480125752e+00,-1.7245806473798574e+01,6.0592936651015982e+01,-2.9323306789758754e-03,1.0742725929144962e-02,-1.6801017204204874e-01,6.1551285620576224e-01,9.0358298772848496e-15,7.4046434782597118e-15,1.2066706577858752e-19,1.1102238974788917e-16,6.2172489379008766e-15,5.1070259132757201e-15,0.0000000000000000e+00,1.1102230246251565e-16,0.0000000000000000e+00,0.0000000000000000e+00,-1.4823583773495169e-01,-4.7752082301300441e-01,2.8734080552782110e-01,-7.2302639900657562e-01,-7.4117918867476151e-02,-2.3876041150650285e-01,6.9552483896434730e-02,-6.0027361100979171e-01,3.5231006474018924e+00,2.0185879789593642e+02,1.1135740819522632e-02,6.3803095071019933e-01,1.6275419352620142e+02,-1.1940706334898401e+02,-1.6801017204203822e-01,6.1551285620575436e-01
3.2000000000000000e+01,3.2000000000000001e-02,1.2111995370399429e+00,-3.0384918303021935e-01,1.0681318082375690e+00,-1.7409275796129641e+01,6.1199444575689682e+01,-2.8530779006810478e-03,1.0585560224993748e-02,-1.6346932233106912e-01,6.0650792467369596e-01,8.8670389214513834e-15,7.5314667799897557e-15,1.8184136666690588e-19,2.2204606234151444e-16,6.2172489379008766e-15,5.3290705182007514e-15,1.1102230246251565e-16,0.0000000000000000e+00,0.0000000000000000e+00,0.0000000000000000e+00,-1.4959763667044931e-01,-4.7709595167284352e-01,2.8855336827494116e-01,-7.1797703616339548e-01,-7.4798818335224962e-02,-2.3854797583642240e-01,6.9477865802245964e-02,-5.9753649391812125e-01,3.5145451884863066e+00,2.0136860620827576e+02,1.0963308751664574e-02,6.2815132096921922e-01,1.6259072420387034e+02,-1.1880055542431032e+02,-1.6346932233106701e-01,6.0650792467369863e-01
3.3000000000000000e+01,3.3000000000000002e-02,1.2111995370399429e+00,-3.0662907524343813e-01,1.0785785731679298e+00,-1.7568551887448361e+01,6.1798000115764637e+01,-2.7798922132187842e-03,1.0446764930360911e-02,-1.5927609131871789e-01,5.9855554007495959e-01,8.6913780668075083e-15,7.7160521766191331e-15,1.5700928585263665e-16,4.3027694084317083e-19,6.2172489379008766e-15,5.3290705182007514e-15,1.1102230246251565e-16,0.0000000000000000e+00,0.0000000000000000e+00,0.0000000000000000e+00,-1.5092333225327520e-01,-4.7667824345313631e-01,2.8972014642145177e-01,-7.1296900650035200e-01,-7.5461666126637919e-02,-2.3833912172656879e-01,6.9398407084088315e-02,-5.9482362497674590e-01,3.5061439768739153e+00,2.0088725224008945e+02,1.0810305186595341e-02,6.1938486244029689e-01,1.6243144811255164e+02,-1.1820199988423536e+02,-1.5927609131871459e-01,5.9855554007495237e-01
3.4000000000000000e+01,3.4000000000000002e-02,1.2111995370399429e+00,-3.0934095511149728e-01,1.0889023583556345e+00,-1.7723931158434645e+01,6.2389509435619793e+01,-2.7118798680591917e-03,1.0323785187704543e-02,-1.5537927098628623e-01,5.9150931985514466e-01,8.6934978085944709e-15,7.5394960101057999e-15,1.5700925405138941e-16,5.3936826161559192e-19,5.9952043329758453e-15,5.1070259132757201e-15,1.1102230246251565e-16,0.0000000000000000e+00,0.0000000000000000e+00,0.0000000000000000e+00,-1.5221546983394404e-01,-4.7626720519392440e-01,2.9084389878666395e-01,-7.0799634854345705e-01,-7.6107734916972355e-02,-2.3813360259696281e-01,6.9314214476359909e-02,-5.9213177686869234e-01,3.4978832358558929e+00,2.0041394664410618e+02,1.0674026092372779e-02,6.1157664550547841e-01,1.6227606884156535e+02,-1.1761049056438021e+02,-1.5537927098627446e-01,5.9150931985515454e-01
3.5000000000000000e+01,3.5000000000000003e-02,1.2111995370399429e+00,-3.1198927297391182e-01,1.0991169243193288e+00,-1.7875668594760107e+01,6.2974760954897455e+01,-2.6483178624145593e-03,1.0214565963694390e-02,-1.5173743632546208e-01,5.8525151927766905e-01,8.6943222098272995e-15,7.5412713241246714e-15,2.3762964233023165e-19,5.6601132776961459e-19,6.2172489379008766e-15,5.1070259132757201e-15,0.0000000000000000e+00,0.0000000000000000e+00,0.0000000000000000e+00,0.0000000000000000e+00,-1.5347624151841446e-01,-4.7586242054755840e-01,2.9192698494058311e-01,-7.0305389455112866e-01,-7.6738120759207565e-02,-2.3793121027377981e-01,6.9225371711084283e-02,-5.8945815754934516e-01,3.4897510507558751e+00,1.9994800675965598e+02,1.0552295737281515e-02,6.0460200992012014e-01,1.6212433140523987e+02,-1.1702523904510254e+02,-1.5173743632545142e-01,5.8525151927767660e-01
3.6000000000000000e+01,3.6000000000000004e-02,1.2111995370399429e+00,-3.1457788651786872e-01,1.1092343577085770e+00,-1.8023985225619239e+01,6.3554447187606115e+01,-2.5886135439568544e-03,1.0117433389248212e-02,-1.4831663085913058e-01,5.7968623270866271e-01,8.8605572583083117e-15,7.8460015964588174e-15,8.9632921940605069e-20,4.4516604289951133e-19,6.2172489379008766e-15,5.3290705182007514e-15,0.0000000000000000e+00,0.0000000000000000e+00,0.0000000000000000e+00,0.0000000000000000e+00,-1.5470754983385171e-01,-4.7546353595665597e-01,2.9297143592505664e-01,-6.9813712152502805e-01,-7.7353774916926174e-02,-2.3773176797832862e-01,6.9131943045602495e-02,-5.8680032874084376e-01,3.4817370285648983e+00,1.9948883711118881e+02,1.0443341345844766e-02,5.9835938313137815e-01,1.6197601477438076e+02,-1.1644555281239387e+02,-1.4831663085912664e-01,5.7968623270866193e-01
3.7000000000000000e+01,3.6999999999999998e-02,1.2111995370399429e+00,-3.1711016189167329e-01,1.1192653667524857e+00,-1.8169073917103152e+01,6.4129181670079646e+01,-2.5322753738045386e-03,1.0031009043908662e-02,-1.4508869148391296e-01,5.7473448247352543e-01,8.6904292655380580e-15,7.6677941456630809e-15,2.8240270805253263e-19,3.2619475140020558e-19,6.2172489379008766e-15,5.3290705182007514e-15,1.1102230246251565e-16,0.0000000000000000e+00,0.0000000000000000e+00,0.0000000000000000e+00,-1.5591105712581604e-01,-4.7507024982197160e-01,2.9397900912873626e-01,-6.9324203600312417e-01,-7.7955528562908341e-02,-2.3753512491098644e-01,6.9033976001460134e-02,-5.8415614291254958e-01,3.4738320340793631e+00,1.9903591429009347e+02,1.0345702538143972e-02,5.9276509153343315e-01,1.6183092608289687e+02,-1.1587081832992035e+02,-1.4508869148391801e-01,5.7473448247353653e-01
3.8000000000000000e+01,3.7999999999999999e-02,1.2111995370399429e+00,-3.1958905325502551e-01,1.1292195136180174e+00,-1.8311103930094667e+01,6.4699512274127983e+01,-2.4788913633521717e-03,9.9541468655315862e-03,-1.4203001299151008e-01,5.7033060404833724e-01,9.0031218031459733e-15,7.8472539951941741e-15,1.1362841779653831e-19,4.3245452657224488e-19,6.2172489379008766e-15,5.5511151231257827e-15,0.0000000000000000e+00,0.0000000000000000e+00,0.0000000000000000e+00,0.0000000000000000e+00,-1.5708822443012890e-01,-4.7468230401542194e-01,2.9495123145857638e-01,-6.8836508366751104e-01,-7.8544112215064771e-02,-2.3734115200771161e-01,6.8931503514223780e-02,-5.8152369384146818e-01,3.4660279824003517e+00,1.9858877506578412e+02,1.0258164660984771e-02,5.8774954062467633e-01,1.6168889606990533e+02,-1.1530048772587202e+02,-1.4203001299150012e-01,5.7033060404834690e-01
3.9000000000000000e+01,3.9000000000000000e-02,1.2111995370399429e+00,-3.2201716615720760e-01,1.1391053995519105e+00,-1.8450224551570962e+01,6.5265931814887807e+01,-2.4281129021820639e-03,9.8858859338930433e-03,-1.3912062147629395e-01,5.6641954075981771e-01,8.9973301029641502e-15,7.8454428038349757e-15,2.0565485614523573e-19,2.7714509577928718e-19,6.2172489379008766e-15,5.3290705182007514e-15,0.0000000000000000e+00,1.1102230246251565e-16,0.0000000000000000e+00,0.0000000000000000e+00,-1.5824034244956475e-01,-4.7429947714650128e-01,2.9588943372101395e-01,-6.8350307748660077e-01,-7.9120171224782682e-02,-2.3714973857325128e-01,6.8824545635724654e-02,-5.7890127731655272e-01,3.4583176736550505e+00,1.9814700691593555e+02,1.0179708884034303e-02,5.8325435572699480e-01,1.6154977544842902e+02,-1.1473406818511219e+02,-1.3912062147628587e-01,5.6641954075981849e-01
4.0000000000000000e+01,4.0000000000000001e-02,1.2111995370399429e+00,-3.2439680860307835e-01,1.1489308141575156e+00,-1.8586568020469542e+01,6.5828886603755180e+01,-2.3796424458708211e-03,9.8254146056051886e-03,-1.3634346889858651e-01,5.6295478886737360e-01,9.0062185015564101e-15,7.8495130959063754e-15,1.1102232559339375e-16,5.0597634022605981e-19,6.2172489379008766e-15,5.5511151231257827e-15,0.0000000000000000e+00,0.0000000000000000e+00,0.0000000000000000e+00,0.0000000000000000e+00,-1.5936855651878662e-01,-4.7392157915958871e-01,2.9679477830035828e-01,-6.7865313990847931e-01,-7.9684278259393643e-02,-2.3696078957979499e-01,6.8713110890785856e-02,-5.7628735953403576e-01,3.4506946598243142e+00,1.9771024039626451e+02,1.0109474286145064e-02,5.7923020969214289e-01,1.6141343197953049e+02,-1.1417111339624482e+02,-1.3634346889857574e-01,5.6295478886737160e-01
4.1000000000000000e+01,4.1000000000000002e-02,1.2111995370399429e+00,-3.2673003261785977e-01,1.1587028570638207e+00,-1.8720251909175090e+01,6.6388783419507220e+01,-2.3332240147813524e-03,9.7720429063051506e-03,-1.3368388870554110e-01,5.5989681575204009e-01,8.9975514885019170e-15,7.7998119400582649e-15,2.2204470774677358e-16,1.1102266710352994e-16,6.2172489379008766e-15,5.5511151231257827e-15,0.0000000000000000e+00,0.0000000000000000e+00,0.0000000000000000e+00,0.0000000000000000e+00,-1.6047388692934061e-01,-4.7354844695531334e-01,2.9766828165577797e-01,-6.7381265584977557e-01,-8.0236943464670626e-02,-2.3677422347765731e-01,6.8597197363218704e-02,-5.7368055140254615e-01,3.4431531363144150e+00,1.9727814292804860e+02,1.0046728664884926e-02,5.7563515041101065e-01,1.6127974809082491e+02,-1.1361121658049278e+02,-1.3368388870555140e-01,5.5989681575203532e-01
4.2000000000000000e+01,4.2000000000000003e-02,1.2111995370399429e+00,-3.2901866838944466e-01,1.1684280380868401e+00,-1.8851381079729570e+01,6.6945995247126945e+01,-2.2886357715849208e-03,9.7251810230192873e-03,-1.3112917055448264e-01,5.5721182761972543e-01,9.3125443734591894e-15,7.4982217112082583e-15,2.2204460730359529e-16,1.5701000454870637e-16,6.6613381477509392e-15,5.3290705182007514e-15,2.2204460492503131e-16,2.2204460492503131e-16,0.0000000000000000e+00,0.0000000000000000e+00,-1.6155724562932047e-01,-4.7317994080969600e-01,2.9851083276264057e-01,-6.6897923407892212e-01,-8.0778622814660569e-02,-2.3658997040484867e-01,6.8476793566660005e-02,-5.7107958744431087e-01,3.4356878528321935e+00,1.9685041369164858e+02,9.9908457912966861e-03,5.7243329760734141e-01,1.6114861892027042e+02,-1.1305400475287306e+02,-1.3112917055447457e-01,5.5721182761972188e-01
4.3000000000000000e+01,4.3000000000000003e-02,1.2111995370399429e+00,-3.3126435254694792e-01,1.1781123604537791e+00,-1.8980049304073898e+01,6.7500866046196691e+01,-2.2456841575032452e-03,9.6843223669389068e-03,-1.2866822434432798e-01,5.5487079906974313e-01,9.3122084050563067e-15,7.3767684143100587e-15,1.2065092138218322e-19,1.5701092457954364e-16,6.4392935428259079e-15,5.1070259132757201e-15,1.1102230246251565e-16,0.0000000000000000e+00,0.0000000000000000e+00,0.0000000000000000e+00,-1.6261945005861589e-01,-4.7281594142185324e-01,2.9932320834272191e-01,-6.6415067519778037e-01,-8.1309725029308277e-02,-2.3640797071092728e-01,6.8351879142052985e-02,-5.6848330830981864e-01,3.4282940394860901e+00,1.9642677939240937e+02,9.9412874941858312e-03,5.6959381634303408e-01,1.6101995069592610e+02,-1.1249913395380331e+02,-1.2866822434433509e-01,5.5487079906974546e-01
4.4000000000000000e+01,4.3999999999999997e-02,1.2111995370399429e+00,-3.3346855175915402e-01,1.1877613905585951e+00,-1.9106340616139370e+01,6.8053714747597326e+01,-2.2041992122061394e-03,9.6490301048160563e-03,-1.2629131206547273e-01,5.5284870140063436e-01,9.1719545630779793e-15,7.6797732632411533e-15,1.5700950647905323e-16,8.6053716971287959e-19,6.4392935428259079e-15,5.3290705182007514e-15,2.2204460492503131e-16,0.0000000000000000e+00,0.0000000000000000e+00,0.0000000000000000e+00,-1.6366123469764712e-01,-4.7245634746211385e-01,3.0010608552474494e-01,-6.5932494486077053e-01,-8.1830617348823895e-02,-2.3622817373105759e-01,6.8222425413548921e-02,-5.6589064616144391e-01,3.4209673450181048e+00,1.9600699072161197e+02,9.8975894100904981e-03,5.6709010055156372e-01,1.6089365938386064e+02,-1.1194628525240267e+02,-1.2629131206547387e-01,5.5284870140063069e-01
4.5000000000000000e+01,4.4999999999999998e-02,1.2111995370399429e+00,-3.3563258256213552e-01,1.1973803169127681e+00,-1.9230330447886516e+01,6.8604838631138605e+01,-2.1640308029814430e-03,9.6189263541731126e-03,-1.2398983174714324e-01,5.5112388354127950e-01,9.3127062652461353e-15,7.3791523984363045e-15,1.1834056474771799e-19,1.5700952905512324e-16,6.4392935428259079e-15,5.1070259132757201e-15,1.1102230246251565e-16,0.0000000000000000e+00,0.0000000000000000e+00,0.0000000000000000e+00,-1.6468326077359291e-01,-4.7210107352237274e-01,3.0086005242799063e-01,-6.5450015118805693e-01,-8.2341630386796788e-02,-2.3605053676118704e-01,6.8088395827198833e-02,-5.6330061235521656e-01,3.4137037847898681e+00,1.9559081937629492e+02,9.8593495486902112e-03,5.6489911788416203e-01,1.6076966955211347e+02,-1.1139516136886139e+02,-1.2398983174714959e-01,5.5112388354127595e-01
4.6000000000000000e+01,4.5999999999999999e-02,1.2111995370399429e+00,-3.3775762812195764e-01,1.2069740003596132e+00,-1.9352086589737340e+01,6.9154516202627349e+01,-2.1250455598221781e-03,9.5936834468450007e-03,-1.2175614185082610e-01,5.4967757148873875e-01,9.3117950340903089e-15,7.3334213878965053e-15,1.6583555702879692e-19,5.1154157166312551e-19,6.4392935428259079e-15,5.1070259132757201e-15,0.0000000000000000e+00,0.0000000000000000e+00,0.0000000000000000e+00,0.0000000000000000e+00,-1.6568612446886818e-01,-4.7175004839267026e-01,3.0158561705137599e-01,-6.4967452556385130e-01,-8.2843062234434425e-02,-2.3587502419633580e-01,6.7949746291253860e-02,-5.6071228697826248e-01,3.4064996966778627e+00,1.9517805553223664e+02,9.8262190444539151e-03,5.6300087981828195e-01,1.6064791341026265e+02,-1.1084548379737265e+02,-1.2175614185081990e-01,5.4967757148874341e-01
4.7000000000000000e+01,4.7000000000000000e-02,1.2111995370399429e+00,-3.3984475248586005e-01,1.2165470171746553e+00,-1.9471670007107871e+01,6.9703009663337028e+01,-2.0871243639024309e-03,9.5730168150419525e-03,-1.1958341737053588e-01,5.4849346070967331e-01,9.6242115351654801e-15,7.4799097961822987e-15,1.7892291347006651e-19,5.4640072518500449e-19,6.6613381477509392e-15,5.1070259132757201e-15,0.0000000000000000e+00,0.0000000000000000e+00,0.0000000000000000e+00,0.0000000000000000e+00,-1.6667036390215859e-01,-4.7140321360457654e-01,3.0228321476750941e-01,-6.4484640618621558e-01,-8.3335181951079640e-02,-2.3570160680228897e-01,6.7806425432675316e-02,-5.5812480989539792e-01,3.3993517034312970e+00,1.9476850568722040e+02,9.7978946234111158e-03,5.6137801003537802e-01,1.6052832999289214e+02,-1.1029699033666297e+02,-1.1958341737052479e-01,5.4849346070966787e-01
4.8000000000000000e+01,4.8000000000000001e-02,1.2111995370399429e+00,-3.4189491275962325e-01,1.2261036963372152e+00,-1.9589135538119891e+01,7.0250567045512327e+01,-2.0501602737631485e-03,9.5566791625599848e-03,-1.1746553101201385e-01,5.4755738217530514e-01,9.4531766214599000e-15,7.4705001053816803e-15,1.1102246960079662e-16,8.0601667563007034e-20,6.6613381477509392e-15,5.1070259132757201e-15,0.0000000000000000e+00,0.0000000000000000e+00,0.0000000000000000e+00,0.0000000000000000e+00,-1.6763646509584709e-01,-4.7106052219451466e-01,3.0295321465827130e-01,-6.4001422386723994e-01,-8.3818232547923879e-02,-2.3553026109725803e-01,6.7658374781212088e-02,-5.5553737303087902e-01,3.3922566803480727e+00,1.9436199080900374e+02,9.7741124284623920e-03,5.6001539063725880e-01,1.6041086446188010e+02,-1.0974943295448767e+02,-1.1746553101202009e-01,5.4755738217529837e-01
4.9000000000000000e+01,4.9000000000000002e-02,1.2111995370399429e+00,-3.4390896956019340e-01,1.2356481520005207e+00,-1.9704532492492181e+01,7.0797424072769459e+01,-2.0140568005700891e-03,9.5444556633055549e-03,-1.1539695437228785e-01,5.4685702725714491e-01,9.1384200916497463e-15,7.4727757011482856e-15,1.3505130140481003e-19,8.7287015220260812e-19,6.4392935428259079e-15,5.1070259132757201e-15,0.0000000000000000e+00,1.1102230246251565e-16,0.0000000000000000e+00,0.0000000000000000e+00,-1.6858486710039408e-01,-4.7072193764975778e-01,3.0359592488013110e-01,-6.3517648968357643e-01,-8.4292433550197360e-02,-2.3536096882487959e-01,6.7505528889868521e-02,-5.5294921366666883e-01,3.3852117273552942e+00,1.9395834473564949e+02,9.7546429306628862e-03,5.5889987058410795e-01,1.6029546750750785e+02,-1.0920257592723053e+02,-1.1539695437228191e-01,5.4685702725715624e-01
5.0000000000000000e+01,5.0000000000000003e-02,1.2111995370399429e+00,-3.4588769602406561e-01,1.2451843119888357e+00,-1.9817905167682905e+01,7.1343805792861446e+01,-1.9787264638722111e-03,9.5361599883149479e-03,-1.1337267519072326e-01,5.4638172009197095e-01,8.9692248218762971e-15,7.1743065767762839e-15,1.5700941542236519e-16,1.5701261570139175e-16,6.2172489379008766e-15,5.1070259132757201e-15,1.1102230246251565e-16,1.1102230246251565e-16,0.0000000000000000e+00,0.0000000000000000e+00,-1.6951596641275163e-01,-4.7038743300725078e-01,3.0421159720991692e-01,-6.3033178415517499e-01,-8.4757983206376133e-02,-2.3519371650362608e-01,6.7347815398582617e-02,-5.5035960858121469e-01,3.3782141447592213e+00,1.9355741278610031e+02,9.7392867162624051e-03,5.5802002430966235e-01,1.6018209483231706e+02,-1.0865619420713855e+02,-1.1337267519073561e-01,5.4638172009196295e-01
5.1000000000000000e+01,5.1000000000000004e-02,1.2111995370399429e+00,-3.4783178559839967e-01,1.2547159429955455e+00,-1.9929293295287632e+01,7.1889928021421937e+01,-1.9440895743340187e-03,9.5316310067098311e-03,-1.1138812760472400e-01,5.4612222856050541e-01,8.8211939448444060e-15,7.0085077943505059e-15,1.1102230578970117e-16,1.1102366908191826e-16,6.2172489379008766e-15,4.8849813083506888e-15,1.1102230246251565e-16,1.1102230246251565e-16,0.0000000000000000e+00,0.0000000000000000e+00,-1.7043012079975439e-01,-4.7005699008118274e-01,3.0480043089240078e-01,-6.2547874769050160e-01,-8.5215060399877515e-02,-2.3502849504059203e-01,6.7185155046323136e-02,-5.4776786888584383e-01,3.3712614120686326e+00,1.9315905054684694e+02,9.7278709860436144e-03,5.5736595114806564e-01,1.6007070670471236e+02,-1.0811007197857806e+02,-1.1138812760472969e-01,5.4612222856051218e-01
5.2000000000000000e+01,5.2000000000000005e-02,1.2111995370399429e+00,-3.4974185879970465e-01,1.2642466730351141e+00,-2.0038732428283449e+01,7.2435998628367770e+01,-1.9100732013049384e-03,9.5307300395685891e-03,-1.0943913299581506e-01,5.4607060694583220e-01,8.9654004531201721e-15,7.0152673297976735e-15,3.7758935447320166e-20,1.5700967756898433e-16,6.2172489379008766e-15,4.6629367034256575e-15,0.0000000000000000e+00,1.1102230246251565e-16,0.0000000000000000e+00,0.0000000000000000e+00,-1.7132765261685276e-01,-4.6973059879977908e-01,3.0536257588784788e-01,-6.2061607208377767e-01,-8.5663826308426685e-02,-2.3486529939989023e-01,6.7017461635497544e-02,-5.4517333544178015e-01,3.3643511694047126e+00,1.9276312280679309e+02,9.7202466389222572e-03,5.5692910823646913e-01,1.5996126757171652e+02,-1.0756400137163223e+02,-1.0943913299582408e-01,5.4607060694583365e-01
5.3000000000000000e+01,5.2999999999999999e-02,1.2111995370399429e+00,-3.5161846909149275e-01,1.2737800116064710e+00,-2.0146254277793719e+01,7.2982218693175810e+01,-1.8766102917880951e-03,9.5333385713568895e-03,-1.0752184951027179e-01,5.4622006480802754e-01,9.1300229701273003e-15,6.8627866064541367e-15,1.1019567702941537e-19,1.5701055848812116e-16,6.6613381477509392e-15,4.8849813083506888e-15,0.0000000000000000e+00,1.1102230246251565e-16,0.0000000000000000e+00,0.0000000000000000e+00,-1.7220885169622405e-01,-4.6940825663538122e-01,3.0589813559915746e-01,-6.1574249288696348e-01,-8.6104425848112329e-02,-2.3470412831769130e-01,6.6844641951466666e-02,-5.4257537476117412e-01,3.3574812010969879e+00,1.9236950261737184e+02,9.7162858389081477e-03,5.5670217111216536e-01,1.5985374572220627e+02,-1.0701778130682419e+02,-1.0752184951026539e-01,5.4622006480803187e-01
5.4000000000000000e+01,5.3999999999999999e-02,1.2111995370399429e+00,-3.5346210800556327e-01,1.2833193679498607e+00,-2.0251887006516043e+01,7.3528783550923379e+01,-1.8436389140705353e-03,9.5393563433896333e-03,-1.0563272872232392e-01,5.4656485774757568e-01,9.4451026895247838e-15,6.8573095711376537e-15,3.5079789991481409e-20,1.1102714046562742e-16,6.4392935428259079e-15,4.8849813083506888e-15,0.0000000000000000e+00,1.1102230246251565e-16,0.0000000000000000e+00,0.0000000000000000e+00,-1.7307397786523909e-01,-4.6908996811475590e-01,3.0640716914329730e-01,-6.1085678250859887e-01,-8.6536988932619865e-02,-2.3454498405737867e-01,6.6666595639029019e-02,-5.3997337531167910e-01,3.3506494211335878e+00,1.9197807045890696e+02,9.7158799854487540e-03,5.5667891742184128e-01,1.5974811299348397e+02,-1.0647121644907662e+02,-1.0563272872232635e-01,5.4656485774757657e-01
5.5000000000000000e+01,5.5000000000000000e-02,1.2111995370399429e+00,-3.5527320961003933e-01,1.2928680677191235e+00,-2.0355655484721893e+01,7.4075883747539692e+01,-1.8111016044760687e-03,9.5486997692629215e-03,-1.0376847820585046e-01,5.4710019661630838e-01,9.2814216515123573e-15,6.5486719216404004e-15,5.2808018856884118e-20,1.1102236326355217e-16,6.6613381477509392e-15,4.4408920985006262e-15,0.0000000000000000e+00,1.1102230246251565e-16,0.0000000000000000e+00,0.0000000000000000e+00,-1.7392326314574166e-01,-4.6877574439889391e-01,3.0688969321959159e-01,-6.0595774391496815e-01,-8.6961631572871151e-02,-2.3438787219944765e-01,6.6483215036924836e-02,-5.3736674415693275e-01,3.3438538601892156e+00,1.9158871349737049e+02,9.7189380235322212e-03,5.5685413009761420e-01,1.5964434451527808e+02,-1.0592411625246031e+02,-1.0376847820584371e-01,5.4710019661631815e-01
5.6000000000000000e+01,5.6000000000000001e-02,1.2111995370399429e+00,-3.5705215440980437e-01,1.3024293683435013e+00,-2.0457581513735175e+01,7.4623705919972338e+01,-1.7789447997650012e-03,9.5613006243777457e-03,-1.0192602901327989e-01,5.4782217243264364e-01,9.1311453926162336e-15,6.8445381629479142e-15,1.5700930802060132e-16,2.2204697145446336e-16,6.4392935428259079e-15,4.8849813083506888e-15,2.2204460492503131e-16,2.2204460492503131e-16,0.0000000000000000e+00,0.0000000000000000e+00,-1.7475691367606425e-01,-4.6846560292343409e-01,3.0734568361742998e-01,-6.0104420482761389e-01,-8.7378456838032414e-02,-2.3423280146171774e-01,6.6294384970682824e-02,-5.3475490387552571e-01,3.3370926539986083e+00,1.9120132491823097e+02,9.7253850427802130e-03,5.5722351709096374e-01,1.5954241848626481e+02,-1.0537629408002766e+02,-1.0192602901327555e-01,5.4782217243263209e-01
5.7000000000000000e+01,5.7000000000000002e-02,1.2111995370399429e+00,-3.5879927275070489e-01,1.3120064733148737e+00,-2.0557684020978673e+01,7.5172433614785731e+01,-1.7471183409005335e-03,9.5771049713725583e-03,-1.0010250724349916e-01,5.4872769481340666e-01,8.9870404838909958e-15,6.8352353446308820e-15,7.2251816166496399e-20,7.6570094685654113e-19,6.4392935428259079e-15,4.8849813083506888e-15,1.1102230246251565e-16,1.1102230246251565e-16,0.0000000000000000e+00,0.0000000000000000e+00,-1.7557511139072987e-01,-4.6815956709238871e-01,3.0777507639765422e-01,-5.9611501232600850e-01,-8.7787555695365227e-02,-2.3407978354619502e-01,6.6099982503462135e-02,-5.3213728970920027e-01,3.3303640328791104e+00,1.9081580332614115e+02,9.7351611250046585e-03,5.5778364534259739e-01,1.5944231597902132e+02,-1.0482756638521427e+02,-1.0010250724350168e-01,5.4872769481341210e-01
5.8000000000000000e+01,5.8000000000000003e-02,1.2111995370399429e+00,-3.6051484778713389e-01,1.3216025456059581e+00,-2.0655979230004057e+01,7.5722248056967302e+01,-1.7155750364289759e-03,9.5960722910842979e-03,-9.8295209025382774e-02,5.4981444218156461e-01,8.6748476982529592e-15,6.6866413062246205e-15,1.5700928903590525e-16,1.5700934612300942e-16,5.9952043329758453e-15,4.6629367034256575e-15,2.2204460492503131e-16,2.2204460492503131e-16,0.0000000000000000e+00,0.0000000000000000e+00,-1.7637801548705204e-01,-4.6785766601911016e-01,3.0817776877486736e-01,-5.9116902777590963e-01,-8.8189007743526310e-02,-2.3392883300955572e-01,6.5899876643907590e-02,-5.2951334689751151e-01,3.3236663122352015e+00,1.9043205220088754e+02,9.7482204079173424e-03,5.5853188713696145e-01,1.5934402076999592e+02,-1.0427775194303270e+02,-9.8295209025387090e-02,5.4981444218156994e-01
5.9000000000000000e+01,5.9000000000000004e-02,1.2111995370399429e+00,-3.6219911806286353e-01,1.3312207204009747e+00,-2.0752480808362701e+01,7.6273328879340852e+01,-1.6842702757296460e-03,9.6181747950165163e-03,-9.6501578358644161e-02,5.5108082237355205e-01,8.3386106941821917e-15,6.6877465180778565e-15,1.5700928068978756e-16,1.9936060804376067e-19,5.9952043329758453e-15,4.4408920985006262e-15,1.1102230246251565e-16,1.1102230246251565e-16,0.0000000000000000e+00,0.0000000000000000e+00,-1.7716576370308743e-01,-4.6755993430949766e-01,3.0855361972191142e-01,-5.8620512201316732e-01,-8.8582881851544004e-02,-2.3377996715474947e-01,6.5693928009411928e-02,-5.2688252816133407e-01,3.3169978839014518e+00,1.9004997940137821e+02,9.7645303394067601e-03,5.5946637737545257e-01,1.5924751919163734e+02,-1.0372667112065913e+02,-9.6501578358653889e-02,5.5108082237354339e-01
6.0000000000000000e+01,5.9999999999999998e-02,1.2111995370399429e+00,-3.6385227974685652e-01,1.3408641173015265e+00,-2.0847199995708241e+01,7.6825854821912017e+01,-1.6531616839929814e-03,9.6433969005519735e-03,-9.4719187345537734e-02,5.5252594257116738e-01,8.1919480518065282e-15,6.3767158535002799e-15,1.1102230275268024e-16,1.5700928127138579e-16,5.7731597280508140e-15,4.4408920985006262e-15,1.1102230246251565e-16,1.1102230246251565e-16,0.0000000000000000e+00,0.0000000000000000e+00,-1.7793847342742503e-01,-4.6726641188332546e-01,3.0890245031253299e-01,-5.8122217071992122e-01,-8.8969236713712790e-02,-2.3363320594166334e-01,6.5481988442553957e-02,-5.2424429130162487e-01,3.3103572081997408e+00,1.8966949671055511e+02,9.7840711023070241e-03,5.6058598061810361e-01,1.5915280000429178e+02,-1.0317414517808798e+02,-9.4719187345538081e-02,5.5252594257117160e-01
6.1000000000000000e+01,6.0999999999999999e-02,1.2111995370399429e+00,-3.6547448855892406e-01,1.3505358521560984e+00,-2.0940145714128640e+01,7.7380004409648564e+01,-1.6222088120674885e-03,9.6717348545717202e-03,-9.2945718420398019e-02,5.5414958773653455e-01,8.1918800287190904e-15,6.6856422605847210e-15,8.8079861278545075e-20,3.1402062923728812e-16,5.7731597280508140e-15,4.6629367034256575e-15,0.0000000000000000e+00,2.2204460492503131e-16,0.0000000000000000e+00,0.0000000000000000e+00,-1.7869624265794939e-01,-4.6697714383032846e-01,3.0922404381361357e-01,-5.7621904993557682e-01,-8.9348121328974961e-02,-2.3348857191516484e-01,6.5263900577832129e-02,-5.2159809688295422e-01,3.3037428066022718e+00,1.8929051941501555e+02,9.8068351942453419e-03,5.6189026701061695e-01,1.5905985428587138e+02,-1.0261999559035144e+02,-9.2945718420394507e-02,5.5414958773654177e-01
6.2000000000000000e+01,6.2000000000000000e-02,1.2111995370399429e+00,-3.6706586141426689e-01,1.3602390486510423e+00,-2.1031324662371468e+01,7.7935956616594979e+01,-1.5913728553428885e-03,9.7031964949439390e-03,-9.1178948242830390e-02,5.5595220694642111e-01,8.0257271730682328e-15,6.8464875606577216e-15,3.8362161308911255e-20,9.8959428272654622e-19,5.5511151231257827e-15,4.8849813083506888e-15,0.0000000000000000e+00,0.0000000000000000e+00,0.0000000000000000e+00,0.0000000000000000e+00,-1.7943915082387427e-01,-4.6669218029832782e-01,3.0951814553412260e-01,-5.7119463164889650e-01,-8.9719575411937424e-02,-2.3334609014916449e-01,6.5039497355124154e-02,-5.1894340597361366e-01,3.2971532549046159e+00,1.8891296591385660e+02,9.8328271511409025e-03,5.6337949644201857e-01,1.5896867533762855e+02,-1.0206404338340502e+02,-9.1178948242833513e-02,5.5595220694641823e-01
6.3000000000000000e+01,6.3000000000000000e-02,1.2111995370399429e+00,-3.6862647781092495e-01,1.3699768497937348e+00,-2.1120741395338889e+01,7.8493891523808927e+01,-1.5606163966580338e-03,9.7378011426924368e-03,-8.9416732967419726e-02,5.5793490721394701e-01,8.3412818674018521e-15,7.0019092965607814e-15,3.1401849223814797e-16,5.0733388469622259e-19,5.7731597280508140e-15,4.8849813083506888e-15,2.2204460492503131e-16,0.0000000000000000e+00,0.0000000000000000e+00,0.0000000000000000e+00,-1.8016725948290352e-01,-4.6641157641124231e-01,3.0978446243402247e-01,-5.6614777942017602e-01,-9.0083629741452051e-02,-2.3320578820562177e-01,6.4808601475559446e-02,-5.1627967791571072e-01,3.2905871768232542e+00,1.8853675735184120e+02,9.8620634064146007e-03,5.6505461047796857e-01,1.5887925860466112e+02,-1.0150610847619107e+02,-8.9416732967427276e-02,5.5793490721395145e-01
6.4000000000000000e+01,6.4000000000000001e-02,1.2111995370399429e+00,-3.7015638097980103e-01,1.3797524294144228e+00,-2.1208398389979180e+01,7.9053990978368446e+01,-1.5299031688761043e-03,9.7755796206880213e-03,-8.7656994640291225e-02,5.6009945455952181e-01,8.6797624405410805e-15,7.0113360383386431e-15,3.1401852836118253e-16,1.7259546080838052e-19,6.2172489379008766e-15,5.1070259132757201e-15,2.2204460492503131e-16,0.0000000000000000e+00,0.0000000000000000e+00,0.0000000000000000e+00,-1.8088061290325713e-01,-4.6613539221533268e-01,3.1002266249259169e-01,-5.6107734398391274e-01,-9.0440306451628871e-02,-2.3306769610766698e-01,6.4571024794667253e-02,-5.1360636809962434e-01,3.2840432379401898e+00,1.8816181727245007e+02,9.8945722811323213e-03,5.6691723179601350e-01,1.5879160161002082e+02,-1.0094600902163155e+02,-8.7656994640299316e-02,5.6009945455953214e-01
6.5000000000000000e+01,6.5000000000000002e-02,1.2111995370399429e+00,-3.7165557881308636e-01,1.3895690038119688e+00,-2.1294296098481585e+01,7.9616439260624020e+01,-1.4991978332853791e-03,9.8165743975460115e-03,-8.5897708502409839e-02,5.6244828225556520e-01,8.8233303776933380e-15,7.3219126218774955e-15,1.1216974362458903e-19,2.2204467160465500e-16,6.2172489379008766e-15,5.1070259132757201e-15,0.0000000000000000e+00,0.0000000000000000e+00,0.0000000000000000e+00,0.0000000000000000e+00,-1.8157923853843824e-01,-4.6586369265247635e-01,3.1023237383192892e-01,-5.5598215878267476e-01,-9.0789619269219440e-02,-2.3293184632623881e-01,6.4326567646745297e-02,-5.1092292571757714e-01,3.2775201399233755e+00,1.8778807128673645e+02,9.9303941032508232e-03,5.6896967101787199e-01,1.5870570390151838e+02,-1.0038356073937598e+02,-8.5897708502401068e-02,5.6244828225555288e-01
6.6000000000000000e+01,6.6000000000000003e-02,1.2111995370399429e+00,-3.7312404458347015e-01,1.3994298436701380e+00,-2.1378432989484004e+01,8.0181423766951497e+01,-1.4684657703837923e-03,9.8608398581691171e-03,-8.4136891002418335e-02,5.6498450632747166e-01,8.6779791556426432e-15,7.3184827085310693e-15,9.2931810091107709e-20,8.2762283143413127e-19,5.9952043329758453e-15,5.3290705182007514e-15,2.2204460492503131e-16,2.2204460492503131e-16,0.0000000000000000e+00,0.0000000000000000e+00,-1.8226314740094871e-01,-4.6559654755968716e-01,3.1041318358764614e-01,-5.5086103538208919e-01,-9.1131573700474672e-02,-2.3279827377984422e-01,6.4075018093348673e-02,-5.0822879147088984e-01,3.2710166149563586e+00,1.8741544675416841e+02,9.9695814569741390e-03,5.7121494099650427e-01,1.5862156701051600e+02,-9.9818576233048503e+01,-8.4136891002408468e-02,5.6498450632746444e-01
6.7000000000000000e+01,6.7000000000000004e-02,1.2111995370399429e+00,-3.7456171746337602e-01,1.4093382863752861e+00,-2.1460805577823031e+01,8.0749135715503670e+01,-1.4376728799058371e-03,9.9084427051482835e-03,-8.2372588339022917e-02,5.6771194855218499e-01,8.9897379245686938e-15,7.3225116030435086e-15,3.1401850750750127e-16,4.3156393393916277e-19,6.2172489379008766e-15,5.1070259132757201e-15,2.2204460492503131e-16,0.0000000000000000e+00,0.0000000000000000e+00,0.0000000000000000e+00,-1.8293233433964515e-01,-4.6533403169448961e-01,3.1056463651485711e-01,-5.4571275871495539e-01,-9.1466167169822907e-02,-2.3266701584724547e-01,6.3816151087605910e-02,-5.0552339520472411e-01,3.2645314203135447e+00,1.8704387247181432e+02,1.0012199566070577e-02,5.7365677877855825e-01,1.5853919442217699e+02,-9.9250864284496330e+01,-8.2372588339015340e-02,5.6771194855218854e-01
6.8000000000000000e+01,6.8000000000000005e-02,1.2111995370399429e+00,-3.7596850285053929e-01,1.4192977488734140e+00,-2.1541408443188161e+01,8.1319770882865214e+01,-1.4067853871632975e-03,9.9594624981278398e-03,-8.0602865365134446e-02,5.7063516736154474e-01,9.1384105942941596e-15,7.4772073535813176e-15,5.0469304288020273e-20,6.2087226994395066e-19,6.4392935428259079e-15,5.1070259132757201e-15,0.0000000000000000e+00,1.1102230246251565e-16,0.0000000000000000e+00,0.0000000000000000e+00,-1.8358677822401823e-01,-4.6507622478613669e-01,3.1068623331339196e-01,-5.4053608209940762e-01,-9.1793389112009446e-02,-2.3253811239306901e-01,6.3549727544686796e-02,-5.0280615344277380e-01,3.2580633330192064e+00,1.8667327836832655e+02,1.0058326817972569e-02,5.7629967563307927e-01,1.5845859155681183e+02,-9.8680229117134786e+01,-8.0602865365123177e-02,5.7063516736153241e-01
6.9000000000000000e+01,6.9000000000000006e-02,1.2111995370399429e+00,-3.7734427250344388e-01,1.4293117412147762e+00,-2.1620234237881775e+01,8.1893530380101595e+01,-1.3757696529045811e-03,1.0013992341362242e-02,-7.8825794693610673e-02,5.7375949723638597e-01,9.1339881006766796e-15,7.6230594081247685e-15,1.0324143045814858e-19,1.1281645706308721e-18,6.4392935428259079e-15,5.3290705182007514e-15,0.0000000000000000e+00,2.2204460492503131e-16,0.0000000000000000e+00,0.0000000000000000e+00,-1.8422644203733698e-01,-4.6482321161304296e-01,3.1077742865161384e-01,-5.3532972197170703e-01,-9.2113221018668826e-02,-2.3241160580652215e-01,6.3275493307138414e-02,-5.0007646679237661e-01,3.2516111445285589e+00,1.8630359519918957e+02,1.0108055438644686e-02,5.7914891571859850e-01,1.5837976576211824e+02,-9.8106469619898405e+01,-7.8825794693601667e-02,5.7375949723638608e-01
7.0000000000000000e+01,7.0000000000000007e-02,1.2111995370399429e+00,-3.7868886448739952e-01,1.4393838809479356e+00,-2.1697273683729552e+01,8.2470621477477650e+01,-1.3445919839556923e-03,1.0072139733159187e-02,-7.7039445847783272e-02,5.7709109737604458e-01,9.3054191317079562e-15,7.4751469324297418e-15,1.2152729409137153e-19,8.3938084973125066e-19,6.4392935428259079e-15,5.3290705182007514e-15,0.0000000000000000e+00,0.0000000000000000e+00,0.0000000000000000e+00,0.0000000000000000e+00,-1.8485127287929354e-01,-4.6457508210719284e-01,3.1083762886313432e-01,-5.3009235226846951e-01,-9.2425636439647116e-02,-2.3228754105359709e-01,6.2993177991920307e-02,-4.9733371718783281e-01,3.2451736553681165e+00,1.8593475423963500e+02,1.0161492331720033e-02,5.8221062416210778e-01,1.5830272631627045e+02,-9.7529378522522350e+01,-7.7039445847780580e-02,5.7709109737605369e-01
7.1000000000000000e+01,7.1000000000000008e-02,1.2111995370399429e+00,-3.8000208292928994e-01,1.4495179085427907e+00,-2.1772515558028619e+01,8.3051258488131964e+01,-1.3132184418904241e-03,1.0134027594855188e-02,-7.5241874299067243e-02,5.8063701065431483e-01,9.4824242360835012e-15,7.7845562592651393e-15,1.1728380946384232e-19,3.1401861661521975e-16,6.6613381477509392e-15,5.3290705182007514e-15,0.0000000000000000e+00,2.2204460492503131e-16,0.0000000000000000e+00,0.0000000000000000e+00,-1.8546120187747400e-01,-4.6433193148669288e-01,3.1086618928495957e-01,-5.2482259838574963e-01,-9.2730600938737362e-02,-2.3216596574334711e-01,6.2702493703742701e-02,-4.9457726493622289e-01,3.2387496696698999e+00,1.8556668697147478e+02,1.0218760099415535e-02,5.8549182555319568e-01,1.5822748444197140e+02,-9.6948741511868036e+01,-7.5241874299070088e-02,5.8063701065431295e-01
7.2000000000000000e+01,7.2000000000000008e-02,1.2111995370399429e+00,-3.8128369757617608e-01,1.4597177040443594e+00,-2.1845946668257344e+01,8.3635663722268376e+01,-1.2816146468861867e-03,1.0199795501568847e-02,-7.3431110228727808e-02,5.8440523413641754e-01,9.3091509477324856e-15,7.7822736737961457e-15,1.0883817146123403e-19,9.6894212310539776e-19,6.6613381477509392e-15,5.5511151231257827e-15,0.0000000000000000e+00,2.2204460492503131e-16,0.0000000000000000e+00,0.0000000000000000e+00,-1.8605614400563450e-01,-4.6409386041807815e-01,3.1086241119897318e-01,-5.1951903063311056e-01,-9.3028072002817624e-02,-2.3204693020903974e-01,6.2403133596669214e-02,-4.9180644552559594e-01,3.2323379895297828e+00,1.8519932475985823e+02,1.0279998267360481e-02,5.8900051412155441e-01,1.5815405333174266e+02,-9.6364336277731624e+01,-7.3431110228737981e-02,5.8440523413640844e-01
7.3000000000000000e+01,7.2999999999999995e-02,1.2111995370399429e+00,-3.8253344314992582e-01,1.4699873051867842e+00,-2.1917551815098360e+01,8.4224068525012044e+01,-1.2497455737496843e-03,1.0269601142424652e-02,-7.1605146841012476e-02,5.8840480274366114e-01,9.3099911223725673e-15,7.7823605659349938e-15,6.3789136398611236e-20,6.5217275976076867e-19,6.6613381477509392e-15,5.3290705182007514e-15,0.0000000000000000e+00,1.1102230246251565e-16,0.0000000000000000e+00,0.0000000000000000e+00,-1.8663599780533879e-01,-4.6386097521046710e-01,3.1082553833092158e-01,-5.1418015708927078e-01,-9.3317998902669758e-02,-2.3193048760523421e-01,6.2094770262791310e-02,-4.8902056614987055e-01,3.2259374091142266e+00,1.8483259851561277e+02,1.0345364740964934e-02,5.9274573718074286e-01,1.5808244818490161e+02,-9.5775931474987956e+01,-7.1605146841025133e-02,5.8840480274367035e-01
7.4000000000000000e+01,7.3999999999999996e-02,1.2111995370399429e+00,-3.8375101848676008e-01,1.4803309272312726e+00,-2.1987313743138184e+01,8.4816714413039705e+01,-1.2175753368343016e-03,1.0343622044488408e-02,-6.9761928039825088e-02,5.9264588802766560e-01,9.6211419850072130e-15,7.9444125380477108e-15,3.1401849610164963e-16,1.1210537318929134e-18,6.6613381477509392e-15,5.5511151231257827e-15,2.2204460492503131e-16,2.2204460492503131e-16,0.0000000000000000e+00,0.0000000000000000e+00,-1.8720064500597161e-01,-4.6363338804420479e-01,3.1075475285196130e-01,-5.0880441575166058e-01,-9.3600322502986180e-02,-2.3181669402210309e-01,6.1777053922994762e-02,-4.8621890189793432e-01,3.2195467084314005e+00,1.8446643833835546e+02,1.0415037527541462e-02,5.9673769379849373e-01,1.5801268625686183e+02,-9.5183285586960295e+01,-6.9761928039819149e-02,5.9264588802767526e-01
7.5000000000000000e+01,7.4999999999999997e-02,1.2111995370399429e+00,-3.8493608544696484e-01,1.4907529848338956e+00,-2.2055213078398314e+01,8.5413854327512240e+01,-1.1850669602047859e-03,1.0422057602623106e-02,-6.7899335260132115e-02,5.9713991447253678e-01,9.9379304207423056e-15,8.0945825476470585e-15,2.2204464459552859e-16,9.8263058074584495e-19,7.1054273576010019e-15,5.5511151231257827e-15,0.0000000000000000e+00,1.1102230246251565e-16,0.0000000000000000e+00,0.0000000000000000e+00,-1.8774995003643544e-01,-4.6341121723725681e-01,3.1064917081697074e-01,-5.0339016585464613e-01,-9.3874975018218107e-02,-2.3170560861862910e-01,6.1449610390267528e-02,-4.8340069154595311e-01,3.2131646466720434e+00,1.8410077313495248e+02,1.0489216766401905e-02,6.0098785111268982e-01,1.5794478692160169e+02,-9.4586145672487760e+01,-6.7899335260140262e-02,5.9713991447254622e-01
7.6000000000000000e+01,7.5999999999999998e-02,1.2111995370399429e+00,-3.8608826757588027e-01,1.5012581163011693e+00,-2.2121228251615566e+01,8.6015754023817095e+01,-1.1521821289154442e-03,1.0505131467273632e-02,-6.6015173217253087e-02,6.0189969630485296e-01,9.9385670308289167e-15,8.0950917119868235e-15,1.1711495229253597e-19,2.3202263100226886e-20,6.8833827526759706e-15,5.7731597280508140e-15,0.0000000000000000e+00,0.0000000000000000e+00,0.0000000000000000e+00,0.0000000000000000e+00,-1.8828375941990366e-01,-4.6319458755333903e-01,3.1050783696080775e-01,-4.9793567820952722e-01,-9.4141879709952220e-02,-2.3159729377667021e-01,6.1112038770451932e-02,-4.8056513288143476e-01,3.2067899550116770e+00,1.8373553020711623e+02,1.0568127118978858e-02,6.0550908127523861e-01,1.5787877174838442e+02,-9.3984245976182905e+01,-6.6015173217246217e-02,6.0189969630485807e-01
7.7000000000000000e+01,7.6999999999999999e-02,1.2111995370399429e+00,-3.8720714849250953e-01,1.5118512106555257e+00,-2.2185335405916152e+01,8.6622693622305576e+01,-1.1188809166293172e-03,1.0593094354356538e-02,-6.4107154300588803e-02,6.0693959848848933e-01,9.9461660907237818e-15,8.1066826934064092e-15,3.1401849569340868e-16,9.3943599217118774e-19,7.1054273576010019e-15,5.5511151231257827e-15,0.0000000000000000e+00,0.0000000000000000e+00,0.0000000000000000e+00,0.0000000000000000e+00,-1.8880190104077901e-01,-4.6298363055661901e-01,3.1032971875792092e-01,-4.9243912439267734e-01,-9.4400950520389923e-02,-2.3149181527831023e-01,6.0763908858570775e-02,-4.7771137747464981e-01,3.2004213287483712e+00,1.8337063480093263e+02,1.0652020583245925e-02,6.1031582270647311e-01,1.5781466459408387e+02,-9.3377306377694424e+01,-6.4107154300591954e-02,6.0693959848848156e-01
7.8000000000000000e+01,7.8000000000000000e-02,1.2111995370399429e+00,-3.8829226997649169e-01,1.5225374380121985e+00,-2.2247508287207303e+01,8.7234969348760174e+01,-1.0851214839821708e-03,1.0686227356672616e-02,-6.2172881291151151e-02,6.1227572645458272e-01,1.0257329899644154e-14,8.0922861651981014e-15,6.6556681231183558e-20,2.2647379859163371e-19,7.3274719625260332e-15,5.7731597280508140e-15,0.0000000000000000e+00,2.2204460492503131e-16,0.0000000000000000e+00,0.0000000000000000e+00,-1.8930418327039883e-01,-4.6277848501883412e-01,3.1011369963148555e-01,-4.8689856457508179e-01,-9.4652091635199845e-02,-2.3138924250941778e-01,6.0404758180543167e-02,-4.7483852479695965e-01,3.1940574186282507e+00,1.8300600960984914e+02,1.0741179811990012e-02,6.1542427021815072e-01,1.5775249171279270e+02,-9.2765030651239826e+01,-6.2172881291153385e-02,6.1227572645459294e-01
7.9000000000000000e+01,7.9000000000000001e-02,1.2111995370399429e+00,-3.8934312971753088e-01,1.5333222838677123e+00,-2.2307718115229058e+01,8.7852895498980274e+01,-1.0508597410391852e-03,1.0784845855513925e-02,-6.0209828021755944e-02,6.1792615022010555e-01,1.0255533663640116e-14,8.0929015241039321e-15,3.9042897310424211e-20,1.1102859141764957e-16,7.3274719625260332e-15,5.5511151231257827e-15,0.0000000000000000e+00,0.0000000000000000e+00,0.0000000000000000e+00,0.0000000000000000e+00,-1.8979039393493582e-01,-4.6257929738588804e-01,3.0985857117459359e-01,-4.8131193374536074e-01,-9.4895196967468343e-02,-2.3128964869294477e-01,6.0034088619828702e-02,-4.7194561556562609e-01,3.1876968211831396e+00,1.8264157422106257e+02,1.0835922033797072e-02,6.2085259966938766e-01,1.5769228188477092e+02,-9.2147104501019726e+01,-6.0209828021746653e-02,6.1792615022009600e-01
8.0000000000000000e+01,8.0000000000000002e-02,1.2111995370399429e+00,-3.9035917868337100e-01,1.5442115880233727e+00,-2.2365933432750332e+01,8.8476806668933875e+01,-1.0160489658400640e-03,1.0889304155660310e-02,-5.8215317521267622e-02,6.2391116995360418e-01,1.0564030296696943e-14,8.4152832551176160e-15,3.1401851515318505e-16,2.2204461007671925e-16,7.5495165674510645e-15,5.9952043329758453e-15,2.2204460492503131e-16,2.2204460492503131e-16,0.0000000000000000e+00,0.0000000000000000e+00,-1.9026029910522524e-01,-4.6238622231246274e-01,3.0956302421675058e-01,-4.7567702602689604e-01,-9.5130149552613036e-02,-2.3119311115623215e-01,5.9651362555762533e-02,-4.6903162416968114e-01,3.1813380678695218e+00,1.8227724449322744e+02,1.0936603700210908e-02,6.2662123422924443e-01,1.5763406656724970e+02,-9.1523193331066125e+01,-5.8215317521274110e-02,6.2391116995360718e-01
8.1000000000000000e+01,8.1000000000000003e-02,1.2111995370399429e+00,-3.9133981805266499e-01,1.5552115890218299e+00,-2.2422119929835247e+01,8.9107060300785164e+01,-9.8063936929399637e-04,1.1000000998457082e-02,-5.6186497084916930e-02,6.3025363185128236e-01,1.0565979062370077e-14,8.5791592888505520e-15,3.2056690772900511e-20,9.1122486219136390e-19,7.5495165674510645e-15,5.9952043329758453e-15,0.0000000000000000e+00,0.0000000000000000e+00,0.0000000000000000e+00,0.0000000000000000e+00,-1.9071364168372867e-01,-4.6219942327498675e-01,3.0922563853241136e-01,-4.6999147672499658e-01,-9.5356820841864767e-02,-2.3109971163749413e-01,5.9255998424341177e-02,-4.6609544999999342e-01,3.1749796127534107e+00,1.8191293185085092e+02,1.1043626014070945e-02,6.3275316112714908e-01,1.5757788007016475e+02,-9.0892939699214836e+01,-5.6186497084926082e-02,6.3025363185127725e-01
8.2000000000000000e+01,8.2000000000000003e-02,1.2111995370399429e+00,-3.9228439564711798e-01,1.5663289751702927e+00,-2.2476240239420022e+01,8.9744039606309286e+01,-9.4457759445301160e-04,1.1117386148462919e-02,-5.4120309584777447e-02,6.3697930552412696e-01,1.0252786791586081e-14,8.5776281553117516e-15,2.4825341942190046e-16,2.2204473944614805e-16,7.1054273576010019e-15,5.9952043329758453e-15,3.3306690738754696e-16,0.0000000000000000e+00,0.0000000000000000e+00,0.0000000000000000e+00,-1.9115013975829362e-01,-4.6201907327553571e-01,3.0884487094236968e-01,-4.6425274165818126e-01,-9.5575069879147226e-02,-2.3100953663776858e-01,5.8847365592037876e-02,-4.6313590746686012e-01,3.1686198184287626e+00,1.8154854247747733e+02,1.1157441534956864e-02,6.3927431011699531e-01,1.5752375976057999e+02,-9.0255960393690714e+01,-5.4120309584788862e-02,6.3697930552413307e-01
8.3000000000000000e+01,8.3000000000000004e-02,1.2111995370399429e+00,-3.9319220178241970e-01,1.5775709434727643e+00,-2.2528253699588895e+01,9.0388156943460757e+01,-9.0780613530171746e-04,1.1241968302471655e-02,-5.2013460168870582e-02,6.4411733715147634e-01,1.0247644118595921e-14,8.4334935083509911e-15,5.6683644058985246e-20,1.5700924617737828e-16,7.3274719625260332e-15,5.9952043329758453e-15,0.0000000000000000e+00,0.0000000000000000e+00,0.0000000000000000e+00,0.0000000000000000e+00,-1.9156948468547627e-01,-4.6184535565202023e-01,3.0841904150062383e-01,-4.5845807322335635e-01,-9.5784742342738552e-02,-2.3092267782601086e-01,5.8424778407573597e-02,-4.6015171443768998e-01,3.1622569397840481e+00,1.8118397638558127e+02,1.1278562111061308e-02,6.4621400793997308e-01,1.5747174630041113e+02,-8.9611843056539243e+01,-5.2013460168877389e-02,6.4411733715147279e-01
8.4000000000000000e+01,8.4000000000000005e-02,1.2111995370399429e+00,-3.9406246443885390e-01,1.5889452681127956e+00,-2.2578116076870415e+01,9.1039857740146218e+01,-8.7026265643411324e-04,1.1374324640031269e-02,-4.9862377281518266e-02,6.5170079668545111e-01,1.0389818265034854e-14,8.6012655091581973e-15,2.2204460803886188e-16,6.4720071885367521e-19,7.1054273576010019e-15,5.9952043329758453e-15,0.0000000000000000e+00,2.2204460492503131e-16,0.0000000000000000e+00,0.0000000000000000e+00,-1.9197133885756487e-01,-4.6167846501351351e-01,3.0794631738495903e-01,-4.5260449251070761e-01,-9.5985669428782824e-02,-2.3083923250675750e-01,5.7987489263696984e-02,-4.5714147876211225e-01,3.1558891051373075e+00,1.8081912633568584e+02,1.1407568457300933e-02,6.5360552710990694e-01,1.5742188392312960e+02,-8.8960142259853782e+01,-4.9862377281529327e-02,6.5170079668545267e-01
8.5000000000000000e+01,8.5000000000000006e-02,1.2111995370399429e+00,-3.9489434362889309e-01,1.6004603805410422e+00,-2.2625779243524423e+01,9.1699625082903381e+01,-8.3187919003922166e-04,1.1515112428246545e-02,-4.7663166654008750e-02,6.5976734275716808e-01,1.0704269568030474e-14,8.5994801127989935e-15,3.1401849799459518e-16,4.5084700848438731e-19,7.5495165674510645e-15,5.9952043329758453e-15,2.2204460492503131e-16,0.0000000000000000e+00,0.0000000000000000e+00,0.0000000000000000e+00,-1.9235533309651653e-01,-4.6151860832400698e-01,3.0742469401356987e-01,-4.4668875661061219e-01,-9.6177666548258683e-02,-2.3075930416200427e-01,5.7534680458526527e-02,-4.5410368246731131e-01,3.1495142941371883e+00,1.8045387657018546e+02,1.1545121793293296e-02,6.6148675272021429e-01,1.5737422075647558e+02,-8.8300374917096619e+01,-4.7663166654009916e-02,6.5976734275716153e-01
8.6000000000000000e+01,8.6000000000000007e-02,1.2111995370399429e+00,-3.9568692480895079e-01,1.6121254637607567e+00,-2.2671190800063229e+01,9.2367985119061899e+01,-7.9258118005770084e-04,1.1665083219714656e-02,-4.5411556538804625e-02,6.6836003615852735e-01,1.0394164375508576e-14,8.5694087402643118e-15,2.4812065571463731e-20,2.9684795212564386e-19,7.5495165674510645e-15,6.2172489379008766e-15,0.0000000000000000e+00,0.0000000000000000e+00,0.0000000000000000e+00,0.0000000000000000e+00,-1.9272106360406591e-01,-4.6136600616356377e-01,3.0685197278516441e-01,-4.4070732002807217e-01,-9.6360531802033370e-02,-2.3068300308178266e-01,5.7065454590549125e-02,-4.5103666309581969e-01,3.1431303116662184e+00,1.8008810131811336e+02,1.1691978081139478e-02,6.6990099820875881e-01,1.5732880919993679e+02,-8.7632014880938101e+01,-4.5411556538795347e-02,6.6836003615851780e-01
8.7000000000000000e+01,8.7000000000000008e-02,1.2111995370399429e+00,-3.9643921114354119e-01,1.6239505641147736e+00,-2.2714293632020624e+01,9.3045513461665720e+01,-7.5228633459043838e-04,1.1825100354016715e-02,-4.3102831957398634e-02,6.7752834260381345e-01,1.0396347730497986e-14,8.2574670498086738e-15,1.5700924951707493e-16,1.5700952411377961e-16,7.3274719625260332e-15,5.7731597280508140e-15,1.1102230246251565e-16,0.0000000000000000e+00,0.0000000000000000e+00,0.0000000000000000e+00,-1.9306808837924103e-01,-4.6122089420318502e-01,3.0622573467575520e-01,-4.3465628882071849e-01,-9.6534044189620929e-02,-2.3061044710159326e-01,5.6578823148256907e-02,-4.4793859151195342e-01,3.1367347567686710e+00,1.7972166301483969e+02,1.1849005574805671e-02,6.7889801086334900e-01,1.5728570636797940e+02,-8.6954486538334280e+01,-4.3102831957406079e-02,6.7752834260380834e-01
8.8000000000000000e+01,8.7999999999999995e-02,1.2111995370399429e+00,-3.9715011437929698e-01,1.6359467248242927e+00,-2.2755025387071626e+01,9.3732842840681840e+01,-7.1090323575580640e-04,1.1996160709519173e-02,-4.0731755051001468e-02,6.8732937901611169e-01,1.0394040367896514e-14,8.1153418154743889e-15,6.5578678746885582e-21,1.5700996456126285e-16,7.5495165674510645e-15,5.5511151231257827e-15,1.1102230246251565e-16,1.1102230246251565e-16,0.0000000000000000e+00,0.0000000000000000e+00,-1.9339592299100802e-01,-4.6108352493930654e-01,3.0554330870695001e-01,-4.2853136567680450e-01,-9.6697961495504428e-02,-2.3054176246965402e-01,5.6073692857970842e-02,-4.4480744530805716e-01,3.1303249853387878e+00,1.7935441016426384e+02,1.2017206629630038e-02,6.8853522141443380e-01,1.5724497461292836e+02,-8.6267157159318160e+01,-4.0731755050997270e-02,6.8732937901612279e-01
8.9000000000000000e+01,8.8999999999999996e-02,1.2111995370399429e+00,-3.9781844401921140e-01,1.6481261468062975e+00,-2.2793317854762218e+01,9.4430672317159576e+01,-6.6832963991442457e-04,1.2179421982004847e-02,-3.8292467690594571e-02,6.9782947647773774e-01,1.0394997786341201e-14,8.4202524417386106e-15,1.0413723882582611e-20,3.1401852753713601e-16,7.5495165674510645e-15,5.9952043329758453e-15,0.0000000000000000e+00,2.2204460492503131e-16,0.0000000000000000e+00,0.0000000000000000e+00,-1.9370403556271504e-01,-4.6095416974653608e-01,3.0480173400673599e-01,-4.2232778360999246e-01,-9.6852017781357949e-02,-2.3047708487326882e-01,5.5548849222010310e-02,-4.4164097667826596e-01,3.1238980649164541e+00,1.7898617474879768e+02,1.2197745050759847e-02,6.9887931098512734e-01,1.5720668214523778e+02,-8.5569327682840424e+01,-3.8292467690603987e-02,6.9782947647774984e-01
9.0000000000000000e+01,8.9999999999999997e-02,1.2111995370399429e+00,-3.9844289439780212e-01,1.6605023840395832e+00,-2.2829096225970815e+01,9.5139778476879499e+01,-6.2445037859073995e-04,1.2376237233285696e-02,-3.5778371208595817e-02,7.0910615971993729e-01,1.0709173156933652e-14,8.4213204222960862e-15,4.1098154826685640e-20,2.7290897796259476e-19,7.5495165674510645e-15,5.9952043329758453e-15,2.2204460492503131e-16,1.1102230246251565e-16,0.0000000000000000e+00,0.0000000000000000e+00,-1.9399184078351187e-01,-4.6083312132422144e-01,3.0399771378333007e-01,-4.1604022520978912e-01,-9.6995920391756363e-02,-2.3041656066211150e-01,5.5002936499908950e-02,-4.3843667326700692e-01,3.1174507194038195e+00,1.7861676906186111e+02,1.2391980726658969e-02,7.1000819544501803e-01,1.5717090377402917e+02,-8.4860221523120501e+01,-3.5778371208587907e-02,7.0910615971993318e-01
9.1000000000000000e+01,9.0999999999999998e-02,1.2111995370399429e+00,-3.9902202913642165e-01,1.6730905831629717e+00,-2.2862278202263127e+01,9.5861029158319951e+01,-5.7913473861956940e-04,1.2588199123388526e-02,-3.3181976292313412e-02,7.2125068144044524e-01,1.1021947704361416e-14,8.7305340087453810e-15,3.1401849340383565e-16,3.1401916023872097e-16,7.7715611723760958e-15,6.2172489379008766e-15,0.0000000000000000e+00,2.2204460492503131e-16,0.0000000000000000e+00,0.0000000000000000e+00,-1.9425869270571428e-01,-4.6072069663546361e-01,3.0312755897935850e-01,-4.0966272336317816e-01,-9.7129346352857582e-02,-2.3036034831773261e-01,5.4434433136821947e-02,-4.3519170999932261e-01,3.1109792607734330e+00,1.7824598179504645e+02,1.2601513965216821e-02,7.2201356568209074e-01,1.5713772179773687e+02,-8.4138970841680049e+01,-3.3181976292308291e-02,7.2125068144044302e-01
9.2000000000000000e+01,9.1999999999999998e-02,1.2111995370399429e+00,-3.9955426229098912e-01,1.6859077803822953e+00,-2.2892772915736774e+01,9.6595400464174006e+01,-5.3223315456739221e-04,1.2817197219323513e-02,-3.0494713473645567e-02,7.3437130585405186e-01,1.0853179163236530e-14,8.5603895733005383e-15,1.1102230731330924e-16,1.1102708791026615e-16,7.7715611723760958e-15,5.9952043329758453e-15,0.0000000000000000e+00,1.1102230246251565e-16,0.0000000000000000e+00,0.0000000000000000e+00,-1.9450387600984592e-01,-4.6061724046885877e-01,3.0218711859728026e-01,-4.0318853792227705e-01,-9.7251938004923391e-02,-2.3030862023443022e-01,5.3841621293717001e-02,-4.3190288919556968e-01,3.1044795037883022e+00,1.7787357315193779e+02,1.2828242930731310e-02,7.3500417849943811e-01,1.5710722708426323e+02,-8.3404599535825994e+01,-3.0494713473646445e-02,7.3437130585405785e-01
9.3000000000000000e+01,9.2999999999999999e-02,1.2111995370399429e+00,-4.0003783527129538e-01,1.6989732736128815e+00,-2.2920479606594888e+01,9.7343998083543340e+01,-4.8357298030628297e-04,1.3065493230586306e-02,-2.7706690858112889e-02,7.4859761936934266e-01,1.1167234549731638e-14,8.4148335291235610e-15,1.2525800860983938e-20,1.1480527141693549e-18,7.7715611723760958e-15,5.9952043329758453e-15,0.0000000000000000e+00,0.0000000000000000e+00,0.0000000000000000e+00,0.0000000000000000e+00,-1.9472659531125108e-01,-4.6052312979750348e-01,3.0117169257935122e-01,-3.9661000073023495e-01,-9.7363297655625985e-02,-2.3026156489875257e-01,5.3222548634049877e-02,-4.2856656526387094e-01,3.0979466582448354e+00,1.7749926867408630e+02,1.3074439039047817e-02,7.4911017643851963e-01,1.5707952039340515e+02,-8.2656001916456660e+01,-2.7706690858115227e-02,7.4859761936933977e-01
9.4000000000000000e+01,9.4000000000000000e-02,1.2111995370399429e+00,-4.0047078827977717e-01,1.7123090948463409e+00,-2.2945285986708384e+01,9.8108084356561520e+01,-4.3295300848176566e-04,1.3335821233459352e-02,-2.4806380113496906e-02,7.6408627301816856e-01,1.1014962773379608e-14,8.5586591399029357e-15,1.7697701411586903e-20,8.6216569075912800e-19,7.7715611723760958e-15,5.9952043329758453e-15,0.0000000000000000e+00,1.1102230246251565e-16,0.0000000000000000e+00,0.0000000000000000e+00,-1.9492596192895822e-01,-4.6043877917272596e-01,3.0007592151570778e-01,-3.8991831840967284e-01,-9.7462980964479543e-02,-2.3021938958636382e-01,5.2574979793374610e-02,-4.2517854879120115e-01,3.0913751910395808e+00,1.7712275133801657e+02,1.3342847382711992e-02,7.6448884171657383e-01,1.5705471401329157e+02,-8.1891915643438480e+01,-2.4806380113504348e-02,7.6408627301818022e-01
9.5000000000000000e+01,9.5000000000000001e-02,1.2111995370399429e+00,-4.0085092453773657e-01,1.7259406182258150e+00,-2.2967066189929355e+01,9.8889113114539285e+01,-3.8013625795938475e-04,1.3631523379474158e-02,-2.1780203220969095e-02,7.8102875797777815e-01,1.0849822729677338e-14,8.2435585387516762e-15,9.1467438458076769e-21,8.5849459852567166e-19,7.7715611723760958e-15,5.7731597280508140e-15,0.0000000000000000e+00,1.1102230246251565e-16,0.0000000000000000e+00,0.0000000000000000e+00,-1.9510097731552797e-01,-4.6036464748123940e-01,2.9889364506631033e-01,-3.8310331784069446e-01,-9.7550488657764417e-02,-2.3018232374062053e-01,5.1896333875391026e-02,-4.2173398266096862e-01,3.0847586470577286e+00,1.7674365129289376e+02,1.3636822695179615e-02,7.8133238640200831e-01,1.5703293381007060e+02,-8.1110886885460715e+01,-2.1780203220970368e-02,7.8102875797777793e-01
9.6000000000000000e+01,9.6000000000000002e-02,1.2111995370399429e+00,-4.0117576485650630e-01,1.7398973552722947e+00,-2.2985678169210544e+01,9.9688775243076464e+01,-3.2484031876970905e-04,1.3956737046479555e-02,-1.8611979281188625e-02,7.9966212853716034e-01,1.1163040510892793e-14,8.5527763038471760e-15,1.8275229485253541e-20,2.2204611213995850e-16,7.7715611723760958e-15,5.9952043329758453e-15,0.0000000000000000e+00,2.2204460492503131e-16,0.0000000000000000e+00,0.0000000000000000e+00,-1.9525051201808835e-01,-4.6030124652956822e-01,2.9761771735839915e-01,-3.7615311243684996e-01,-9.7625256009044592e-02,-2.3015062326478494e-01,5.1183602670155287e-02,-4.1822717948321081e-01,3.0780894128306291e+00,1.7636153231909677e+02,1.3960516832025864e-02,7.9987869429642844e-01,1.5701432183078944e+02,-8.0311224756923536e+01,-1.8611979281186401e-02,7.9966212853716900e-01
9.7000000000000000e+01,9.7000000000000003e-02,1.2111995370399429e+00,-4.0144248903336455e-01,1.7542140136014754e+00,-2.3000960338838624e+01,1.0050905934206934e+02,-2.6672417685824970e-04,1.4316658329180786e-02,-1.5282169628078650e-02,8.2028409899287591e-01,1.1326136885484772e-14,8.5458471014870173e-15,3.7868506337789553e-20,1.1882958579094040e-19,7.9936057773011271e-15,5.9952043329758453e-15,2.2204460492503131e-16,0.0000000000000000e+00,0.0000000000000000e+00,0.0000000000000000e+00,-1.9537327854248496e-01,-4.6024915212476014e-01,2.9623976197740509e-01,-3.6905365667246831e-01,-9.7686639271242909e-02,-2.3012457606238090e-01,5.0433241717459915e-02,-4.1465140439861592e-01,3.0713583989847972e+00,1.7597587363388647e+02,1.4319142694345454e-02,8.2042644263158071e-01,1.5699903966116139e+02,-7.9490940657930665e+01,-1.5282169628084812e-02,8.2028409899288479e-01
9.8000000000000000e+01,9.8000000000000004e-02,1.2111995370399429e+00,-4.0164785887166149e-01,1.7689319354597490e+00,-2.3012727163812322e+01,1.0135233414775175e+02,-2.0536983829693169e-04,1.4717921858273730e-02,-1.1766824973698367e-02,8.4327480568242652e-01,1.1163349533232666e-14,8.6970908466203086e-15,2.7413057321535171e-21,3.1401898086255334e-16,7.7715611723760958e-15,6.2172489379008766e-15,0.0000000000000000e+00,0.0000000000000000e+00,0.0000000000000000e+00,0.0000000000000000e+00,-1.9546779571566175e-01,-4.6020901864050895e-01,2.9474984012051952e-01,-3.6178813917286179e-01,-9.7733897857831306e-02,-2.3010450932025533e-01,4.9641022202428775e-02,-4.1099857890668706e-01,3.0645546047020069e+00,1.7558604493680735e+02,1.4719354625687096e-02,8.4335689720823626e-01,1.5698727283618769e+02,-7.8647665852248252e+01,-1.1766824973708538e-02,8.4327480568243096e-01
9.9000000000000000e+01,9.9000000000000005e-02,1.2111995370399429e+00,-4.0178811492083244e-01,1.7841010988107253e+00,-2.3020763243480996e+01,1.0222146318650722e+02,-1.4025604917093420e-04,1.5169163350976249e-02,-8.0360796686738782e-03,8.6912903875546421e-01,1.1001150860053587e-14,8.7158843658150463e-15,1.2171520148778664e-20,1.1102272723326271e-16,7.7715611723760958e-15,5.9952043329758453e-15,1.1102230246251565e-16,1.1102230246251565e-16,0.0000000000000000e+00,0.0000000000000000e+00,-1.9553234089159977e-01,-4.6018159857327107e-01,2.9313599048260630e-01,-3.5433613616722776e-01,-9.7766170445800313e-02,-2.3009079928663639e-01,4.8801824795503129e-02,-4.0725886737025113e-01,3.0576645060253953e+00,1.7519127136220882e+02,1.5169811749917151e-02,8.6916618927821865e-01,1.5697923675651899e+02,-7.7778536813492778e+01,-8.0360796686652636e-03,8.6912903875545378e-01
1.0000000000000000e+02,1.0000000000000001e-01,1.2111995370399429e+00,-4.0185883452031251e-01,1.7997829782832815e+00,-2.3024815178060059e+01,1.0311996869511752e+02,-7.0719599480073274e-05,1.5681879472556226e-02,-4.0519345790637692e-03,8.9850550861031320e-01,1.1313461813015868e-14,8.3869675865552917e-15,3.1401849176432760e-16,1.5700924767708073e-16,7.9936057773011271e-15,5.9952043329758453e-15,2.2204460492503131e-16,0.0000000000000000e+00,0.0000000000000000e+00,0.0000000000000000e+00,-1.9556488426095764e-01,-4.6016776945370508e-01,2.9138357360559008e-01,-3.4667239782388498e-01,-9.7782442130479250e-02,-2.3008388472685340e-01,4.7909344672316084e-02,-4.0342008363879672e-01,3.0506711727256355e+00,1.7479058287940430e+02,1.5682038931642026e-02,8.9851464494293465e-01,1.5697518482193991e+02,-7.6880031304882479e+01,-4.0519345790606051e-03,8.9850550861032275e-01
